sigunguCd,bjdongCd,platGbCd,bun,ji,bldNm,splotNm,regstrKindCdNm,mainPurpsCdNm,etcPurps,platArea,archArea,totArea,useAprDay,grndFlrCnt,ugrndFlrCnt,platPlc
11380,10100,0,0001,0084,,,일반건축물,단독주택,주택,0,0,54.97,19850628,1,0,서울특별시 은평구 수색동 1-84번지
11380,10100,0,0001,0116,,,일반건축물,단독주택,"주택,점포",0,0,52.32,19850628,1,0,서울특별시 은평구 수색동 1-116번지
11380,10100,0,0001,0340,,,일반건축물,단독주택,주택,0,0,19,19850628,1,0,서울특별시 은평구 수색동 1-340번지
11380,10100,0,0001,0364,,,일반건축물,단독주택,주택,0,0,49.98,19741025,1,0,서울특별시 은평구 수색동 1-364번지
11380,10100,0,0001,0364,,,일반건축물,단독주택,주택,0,0,111.04,19741025,2,0,서울특별시 은평구 수색동 1-364번지
11380,10100,0,0001,0410,,,일반건축물,제1종근린생활시설,점포,0,0,39.37,19710622,1,0,서울특별시 은평구 수색동 1-410번지
11380,10100,0,0001,0426,,,일반건축물,단독주택,주택,0,0,43.15,19850628,1,0,서울특별시 은평구 수색동 1-426번지
11380,10100,0,0031,0007,,,일반건축물,단독주택,주택,0,0,83.8,19440810,2,0,서울특별시 은평구 수색동 31-7번지
11380,10100,0,0031,0036,대한예수교장로회 서부교회,,일반건축물,종교시설,"종교시설(교회),단독주택",674.2,335.16,1816.58,20220105,5,2,서울특별시 은평구 수색동 31-36번지
11380,10100,0,0032,0006,,,표제부,공동주택,연립주택,0,202.58,602.74,19840420,2,1,서울특별시 은평구 수색동 32-6번지
11380,10100,0,0037,0002,디지털미디어시티역,,일반건축물,운수시설,판매 및 영업시설(철도역사),12862.5,2085.21,3210.94,20090511,2,0,서울특별시 은평구 수색동 37-2번지
11380,10100,0,0037,0016,,,일반건축물,제2종근린생활시설,업무시설,674,51.75,51.75,19841217,1,0,서울특별시 은평구 수색동 37-16번지
11380,10100,0,0042,0000,,,일반건축물,단독주택,주택,0,0,23.14,19480205,1,0,서울특별시 은평구 수색동 42번지
11380,10100,0,0072,0001,,,일반건축물,근린생활시설,"근린생활시설,판매시설",5057,1100.01,2609.95,19800915,3,1,서울특별시 은평구 수색동 72-1번지
11380,10100,0,0075,0000,디엠씨 자이1단지(DMC 자이1),,표제부,공동주택,"아파트,판매시설",9775.8,4866.84,80778.41,20090924,19,4,서울특별시 은평구 수색동 75번지
11380,10100,0,0076,0004,,,일반건축물,제1종근린생활시설,근린생활시설,163,0,344.05,19851218,3,1,서울특별시 은평구 수색동 76-4번지
11380,10100,0,0076,0027,,,일반건축물,제1종근린생활시설,점포,0,0,69.79,19660430,1,0,서울특별시 은평구 수색동 76-27번지
11380,10100,0,0076,0031,,,일반건축물,제2종근린생활시설,"주택, 근린생활시설",0,0,84.15,19850522,1,0,서울특별시 은평구 수색동 76-31번지
11380,10100,0,0077,0005,,,일반건축물,제2종근린생활시설,근린생활시설,385,140.38,171.79,19711013,1,1,서울특별시 은평구 수색동 77-5번지
11380,10100,0,0078,0002,수색공영주차장,,일반건축물,자동차관련시설,철골조립식 주차장,1096,824.65,2473.95,19980224,3,0,서울특별시 은평구 수색동 78-2번지
11380,10100,0,0080,0005,,,일반건축물,제2종근린생활시설,"사무실,숙사",0,0,148.46,19660912,1,0,서울특별시 은평구 수색동 80-5번지
11380,10100,0,0080,0005,,,일반건축물,제2종근린생활시설,사무실.숙사,0,0,80.79,19660912,1,0,서울특별시 은평구 수색동 80-5번지
11380,10100,0,0081,0000,수색역사,,일반건축물,운수시설,운수시설(철도역사),34407.14,6713.18,5625.84,20090511,3,0,서울특별시 은평구 수색동 81번지
11380,10100,0,0101,0000,,,일반건축물,단독주택,주택,0,0,79.34,19150820,1,0,서울특별시 은평구 수색동 101번지
11380,10100,0,0101,0004,,,일반건축물,단독주택,주택,0,0,61.52,19560430,1,0,서울특별시 은평구 수색동 101-4번지
11380,10100,0,0101,0005,,,일반건축물,제1종근린생활시설,"제1,2종근린생활시설",548,324.92,2268.93,20050202,8,1,서울특별시 은평구 수색동 101-5번지
11380,10100,0,0101,0007,,,일반건축물,제1종근린생활시설,우체국,0,0,367.72,19770617,3,1,서울특별시 은평구 수색동 101-7번지
11380,10100,0,0102,0000,,,일반건축물,단독주택,주택,0,0,29.75,19480205,1,0,서울특별시 은평구 수색동 102번지
11380,10100,0,0102,0001,,,일반건축물,제1종근린생활시설,수색동 사무실,0,0,183.57,19731114,2,0,서울특별시 은평구 수색동 102-1번지
11380,10100,0,0102,0020,,,일반건축물,제1종근린생활시설,근린생활시설,0,0,1167.97,19740212,2,1,서울특별시 은평구 수색동 102-20번지
11380,10100,0,0103,0002,근린생활시설,,일반건축물,숙박시설,근린생활시설및주택,281,151.28,675.82,19940329,4,1,서울특별시 은평구 수색동 103-2번지
11380,10100,0,0104,0002,,,일반건축물,단독주택,주택,0,0,55.57,19830128,1,0,서울특별시 은평구 수색동 104-2번지
11380,10100,0,0104,0003,,,일반건축물,단독주택,주택,0,0,25.79,19411122,1,0,서울특별시 은평구 수색동 104-3번지
11380,10100,0,0105,0001,,,일반건축물,제2종근린생활시설,근린생활시설,0,0,153.13,19710421,2,1,서울특별시 은평구 수색동 105-1번지
11380,10100,0,0105,0002,,,일반건축물,제2종근린생활시설,근린생활시설,200.6,0,459.84,19850715,3,1,서울특별시 은평구 수색동 105-2번지
11380,10100,0,0105,0002,,,일반건축물,제2종근린생활시설,화장실,0,0,2.88,19850715,1,0,서울특별시 은평구 수색동 105-2번지
11380,10100,0,0106,0001,,,일반건축물,제1종근린생활시설,"근린생활시설,업무시설,판매시설,노유자시설",2741,1639.22,6408.4,19970204,4,1,서울특별시 은평구 수색동 106-1번지
11380,10100,0,0106,0006,,,일반건축물,제1종근린생활시설,근린생활시설 및 주택,0,0,94.28,19600510,1,0,서울특별시 은평구 수색동 106-6번지
11380,10100,0,0106,0006,,,일반건축물,단독주택,주택,0,0,39.37,19600510,1,0,서울특별시 은평구 수색동 106-6번지
11380,10100,0,0106,0020,,,일반건축물,제2종근린생활시설,제2종근린생활시설(사무실),103,0,291.6,19870418,4,1,서울특별시 은평구 수색동 106-20번지
11380,10100,0,0107,0003,,,일반건축물,제1종근린생활시설,영업,0,0,94.74,19610701,2,0,서울특별시 은평구 수색동 107-3번지
11380,10100,0,0109,0001,,,일반건축물,단독주택,"주택,점포,사무실,근린생활시설",0,0,652.56,19650901,3,1,서울특별시 은평구 수색동 109-1번지
11380,10100,0,0109,0006,,,일반건축물,제2종근린생활시설,주택 점포 사무실 창고,0,0,367.54,19740817,3,1,서울특별시 은평구 수색동 109-6번지
11380,10100,0,0110,0001,,,일반건축물,제1종근린생활시설,근린생활시설,241,139.18,596.62,19880820,3,1,서울특별시 은평구 수색동 110-1번지
11380,10100,0,0111,0001,,,일반건축물,제2종근린생활시설,근린생활시설,0,0,1161.09,19870226,5,1,서울특별시 은평구 수색동 111-1번지
11380,10100,0,0116,0000,,,일반건축물,단독주택,주택,0,0,36.36,19160601,1,0,서울특별시 은평구 수색동 116번지
11380,10100,0,0119,0000,,,일반건축물,단독주택,주택,0,0,26.45,19160601,1,0,서울특별시 은평구 수색동 119번지
11380,10100,0,0129,0000,서울수색초등학교,,일반건축물,교육연구시설,체육관,0,0,926.74,,2,0,서울특별시 은평구 수색동 129번지
11380,10100,0,0129,0000,서울수색초등학교,,일반건축물,교육연구시설,교육연구시설및복지시설(초등학교),17690,3648.86,13998.96,19950706,5,1,서울특별시 은평구 수색동 129번지
11380,10100,0,0129,0000,서울수색초등학교,,일반건축물,교육연구시설,보안관실,0,0,27.69,20221202,1,0,서울특별시 은평구 수색동 129번지
11380,10100,0,0129,0000,서울수색초등학교,,일반건축물,교육연구시설,휴게실,0,0,174.66,,2,0,서울특별시 은평구 수색동 129번지
11380,10100,0,0129,0000,서울수색초등학교,,일반건축물,교육연구시설,창고,0,0,49.44,20221202,0,1,서울특별시 은평구 수색동 129번지
11380,10100,0,0129,0000,서울수색초등학교,,일반건축물,교육연구시설,예절실,0,0,189.92,,1,0,서울특별시 은평구 수색동 129번지
11380,10100,0,0131,0000,,,일반건축물,단독주택,주택,0,0,26.45,19621227,1,0,서울특별시 은평구 수색동 131번지
11380,10100,0,0131,0000,,,일반건축물,단독주택,주택,0,0,23.14,19480209,1,0,서울특별시 은평구 수색동 131번지
11380,10100,0,0132,0000,,,일반건축물,단독주택,주택,0,0,49.59,19160401,1,0,서울특별시 은평구 수색동 132번지
11380,10100,0,0132,0000,,,일반건축물,단독주택,주택,0,0,19.83,19480205,1,0,서울특별시 은평구 수색동 132번지
11380,10100,0,0132,0000,,,일반건축물,단독주택,주택,0,0,49.59,19160401,1,0,서울특별시 은평구 수색동 132번지
11380,10100,0,0133,0000,,,일반건축물,단독주택,주택,0,0,19.83,19180911,1,0,서울특별시 은평구 수색동 133번지
11380,10100,0,0135,0000,,,일반건축물,단독주택,주택,0,0,23.97,19600815,1,0,서울특별시 은평구 수색동 135번지
11380,10100,0,0135,0001,,,일반건축물,단독주택,주택,0,0,23.14,19160401,1,0,서울특별시 은평구 수색동 135-1번지
11380,10100,0,0138,0000,,,일반건축물,단독주택,주택,0,0,26.45,19460205,1,0,서울특별시 은평구 수색동 138번지
11380,10100,0,0138,0000,,,일반건축물,단독주택,주택,0,0,26.45,19480205,1,0,서울특별시 은평구 수색동 138번지
11380,10100,0,0140,0000,,,일반건축물,단독주택,주택,0,0,36.36,19621227,1,0,서울특별시 은평구 수색동 140번지
11380,10100,0,0140,0000,,,일반건축물,단독주택,주택,0,0,27.04,19621105,1,0,서울특별시 은평구 수색동 140번지
11380,10100,0,0141,0000,,,일반건축물,단독주택,주택,0,0,42.98,19111105,1,0,서울특별시 은평구 수색동 141번지
11380,10100,0,0143,0008,,,일반건축물,단독주택,주택,0,0,5.95,19651030,1,0,서울특별시 은평구 수색동 143-8번지
11380,10100,0,0153,0009,,,일반건축물,업무시설,업무시설(은행),816,465.74,2492.72,19960822,4,2,서울특별시 은평구 수색동 153-9번지
11380,10100,0,0154,0002,,,일반건축물,제2종근린생활시설,"제2종근린생활시설,다가구주택",696,358.97,2058.82,20041029,5,1,서울특별시 은평구 수색동 154-2번지
11380,10100,0,0154,0005,,,일반건축물,위험물저장및처리시설,"주유소(주유대),사무실",0,0,167.95,19660302,1,0,서울특별시 은평구 수색동 154-5번지
11380,10100,0,0154,0010,,,일반건축물,단독주택,주택,0,0,23.14,19570620,1,0,서울특별시 은평구 수색동 154-10번지
11380,10100,0,0154,0013,,,일반건축물,단독주택,주택,0,0,25.12,19620824,1,0,서울특별시 은평구 수색동 154-13번지
11380,10100,0,0154,0015,,,일반건축물,단독주택,주택,0,0,171.06,19881108,2,1,서울특별시 은평구 수색동 154-15번지
11380,10100,0,0154,0016,,,일반건축물,제1종근린생활시설,제1종근린생활시설,0,0,23.5,19600602,1,0,서울특별시 은평구 수색동 154-16번지
11380,10100,0,0154,0016,,,일반건축물,제2종근린생활시설,제2종근린생활시설,0,0,212.69,19710913,3,1,서울특별시 은평구 수색동 154-16번지
11380,10100,0,0154,0017,,,일반건축물,공장,공장,0,0,33.06,19650412,1,0,서울특별시 은평구 수색동 154-17번지
11380,10100,0,0154,0017,,,일반건축물,제1종근린생활시설,점포및사무소,0,0,283.68,19710707,3,1,서울특별시 은평구 수색동 154-17번지
11380,10100,0,0154,0018,,,일반건축물,제1종근린생활시설,"주택,점포,근린생활시설",0,0,85.75,19710616,2,1,서울특별시 은평구 수색동 154-18번지
11380,10100,0,0154,0019,,,일반건축물,단독주택,주택,0,0,34.51,19610902,1,0,서울특별시 은평구 수색동 154-19번지
11380,10100,0,0154,0021,,,일반건축물,단독주택,주택,0,0,35.7,19530820,1,0,서울특별시 은평구 수색동 154-21번지
11380,10100,0,0160,0000,,,일반건축물,제1종근린생활시설,경비초소,0,0,8.77,19380521,2,0,서울특별시 은평구 수색동 160번지
11380,10100,0,0160,0000,,,일반건축물,제1종근린생활시설,콤무레셔실,0,0,23.2,19380521,1,0,서울특별시 은평구 수색동 160번지
11380,10100,0,0160,0000,,,일반건축물,제1종근린생활시설,선로반대기실,0,0,56.25,19380521,1,0,서울특별시 은평구 수색동 160번지
11380,10100,0,0160,0000,,,일반건축물,제1종근린생활시설,대피소,0,0,97.58,19380521,1,0,서울특별시 은평구 수색동 160번지
11380,10100,0,0160,0000,,,일반건축물,제1종근린생활시설,경비초소,0,0,8.77,19380521,2,0,서울특별시 은평구 수색동 160번지
11380,10100,0,0160,0000,,,일반건축물,제1종근린생활시설,변전소,0,0,1113.67,19380521,2,0,서울특별시 은평구 수색동 160번지
11380,10100,0,0160,0000,,,일반건축물,제1종근린생활시설,창고시설,0,0,183.6,19380521,1,0,서울특별시 은평구 수색동 160번지
11380,10100,0,0160,0000,,,일반건축물,제1종근린생활시설,여과실,0,0,21.46,19380521,1,0,서울특별시 은평구 수색동 160번지
11380,10100,0,0165,0000,,,일반건축물,제2종근린생활시설,교회,0,0,12.89,19590708,1,0,서울특별시 은평구 수색동 165번지
11380,10100,0,0165,0000,,,일반건축물,단독주택,주택,0,0,72.4,,1,0,서울특별시 은평구 수색동 165번지
11380,10100,0,0175,0000,,,일반건축물,단독주택,주택,0,0,42.98,19621227,1,0,서울특별시 은평구 수색동 175번지
11380,10100,0,0179,0000,,,일반건축물,단독주택,주택,0,0,46.28,19550412,1,0,서울특별시 은평구 수색동 179번지
11380,10100,0,0179,0009,,,일반건축물,단독주택,주택,0,0,26.45,19480205,1,0,서울특별시 은평구 수색동 179-9번지
11380,10100,0,0186,0000,,,일반건축물,단독주택,주택,0,0,33.06,19480205,1,0,서울특별시 은평구 수색동 186번지
11380,10100,0,0205,0001,,,일반건축물,단독주택,주택,0,0,39.67,19621001,1,0,서울특별시 은평구 수색동 205-1번지
11380,10100,0,0205,0004,,,일반건축물,단독주택,"주택, 점포",0,0,149.75,19600220,2,0,서울특별시 은평구 수색동 205-4번지
11380,10100,0,0205,0080,,,일반건축물,단독주택,주택,0,0,47.31,19491005,1,0,서울특별시 은평구 수색동 205-80번지
11380,10100,0,0205,0081,,,일반건축물,제1종근린생활시설,점포,0,0,32.3,19610520,1,0,서울특별시 은평구 수색동 205-81번지
11380,10100,0,0205,0246,,,일반건축물,단독주택,주택,0,0,42.74,19600320,1,0,서울특별시 은평구 수색동 205-246번지
11380,10100,0,0205,0247,,,일반건축물,단독주택,주택,0,0,15.24,19610710,1,0,서울특별시 은평구 수색동 205-247번지
11380,10100,0,0205,0247,,,일반건축물,단독주택,주택,0,0,58.78,19610710,1,0,서울특별시 은평구 수색동 205-247번지
11380,10100,0,0205,0248,,,일반건축물,단독주택,주택,0,0,39.67,19590907,1,0,서울특별시 은평구 수색동 205-248번지
11380,10100,0,0205,0610,,,일반건축물,제1종근린생활시설,점포,0,0,33.06,19670531,1,0,서울특별시 은평구 수색동 205-610번지
11380,10100,0,0205,0621,,,일반건축물,제1종근린생활시설,점포,0,0,29.29,19600310,1,0,서울특별시 은평구 수색동 205-621번지
11380,10100,0,0275,0010,,,일반건축물,제2종근린생활시설,근린생활시설,933,231.15,456.3,19861014,1,1,서울특별시 은평구 수색동 275-10번지
11380,10100,0,0287,0015,,,표제부,제1종근린생활시설,"제1,2종근린생활시설 및 주택",114,66.5,197.75,19980629,2,1,서울특별시 은평구 수색동 287-15번지
11380,10100,0,0289,0009,,,일반건축물,단독주택,다가구주택(3가구),116,66.68,198.72,20020705,2,1,서울특별시 은평구 수색동 289-9번지
11380,10100,0,0289,0010,,,일반건축물,제2종근린생활시설,"단독주택,근린생활시설(일반음식점)",137,75.36,185.48,19971127,2,1,서울특별시 은평구 수색동 289-10번지
11380,10100,0,0289,0011,,,일반건축물,단독주택,단독주택,132,78.48,150.1,19980619,2,0,서울특별시 은평구 수색동 289-11번지
11380,10100,0,0289,0012,,,일반건축물,단독주택,단독주택,242,108.66,198.36,19980619,2,0,서울특별시 은평구 수색동 289-12번지
11380,10100,0,0289,0013,,,일반건축물,단독주택,단독주택,131,69.65,118.44,19970811,2,0,서울특별시 은평구 수색동 289-13번지
11380,10100,0,0289,0014,,,일반건축물,단독주택,단독주택,113.2,66.87,119.34,19970711,2,0,서울특별시 은평구 수색동 289-14번지
11380,10100,0,0289,0036,,,일반건축물,단독주택,단독주택,189,78.51,197.01,19980619,2,1,서울특별시 은평구 수색동 289-36번지
11380,10100,0,0289,0037,,,일반건축물,제1종근린생활시설,근린공공시설,62,37.13,74.26,19991217,2,0,서울특별시 은평구 수색동 289-37번지
11380,10100,0,0290,0001,,,일반건축물,제1종근린생활시설,제1종근린생활시설(소매점),2112,71.04,71.04,,1,0,서울특별시 은평구 수색동 290-1번지
11380,10100,0,0290,0001,,,일반건축물,제2종근린생활시설,제2종근린생활시설(사무소),2112,230.69,455.5,20231113,2,0,서울특별시 은평구 수색동 290-1번지
11380,10100,0,0291,0001,,,일반건축물,창고시설,창고,0,0,210.24,19530418,1,0,서울특별시 은평구 수색동 291-1번지
11380,10100,0,0291,0003,,,일반건축물,단독주택,주택,0,0,66.12,19160401,1,0,서울특별시 은평구 수색동 291-3번지
11380,10100,0,0291,0007,,,일반건축물,단독주택,단독주택(1가구),158,94.6,270.54,19980331,2,1,서울특별시 은평구 수색동 291-7번지
11380,10100,0,0291,0021,,,일반건축물,단독주택,단독주택 외 1용도,212,71.28,131.75,19980629,2,0,서울특별시 은평구 수색동 291-21번지
11380,10100,0,0291,0025,,,일반건축물,제1종근린생활시설,근린생활시설,330,109.59,194.34,20220427,2,0,서울특별시 은평구 수색동 291-25번지
11380,10100,0,0291,0026,,,일반건축물,단독주택,주택,0,0,66.94,19630202,1,0,서울특별시 은평구 수색동 291-26번지
11380,10100,0,0291,0028,,,일반건축물,제1종근린생활시설,근린생활시설,330,162.9,162.9,20220419,1,0,서울특별시 은평구 수색동 291-28번지
11380,10100,0,0291,0029,,,일반건축물,제2종근린생활시설,근린생활시설,330,190.55,190.55,20220506,1,0,서울특별시 은평구 수색동 291-29번지
11380,10100,0,0292,0006,,,일반건축물,단독주택,주택,0,0,57.79,19701020,1,1,서울특별시 은평구 수색동 292-6번지
11380,10100,0,0293,0000,,,일반건축물,단독주택,주택,0,0,66.12,19160401,1,0,서울특별시 은평구 수색동 293번지
11380,10100,0,0293,0000,,,일반건축물,단독주택,주택,0,0,29.75,19160401,1,0,서울특별시 은평구 수색동 293번지
11380,10100,0,0293,0013,수색동재활용집하시설,,일반건축물,분뇨.쓰레기처리시설,분뇨및쓰레기처리시설,4836,0,79.2,20010223,1,0,서울특별시 은평구 수색동 293-13번지
11380,10100,0,0293,0013,수색동재활용집하시설,,일반건축물,분뇨.쓰레기처리시설,분뇨및쓰레기처리시설,4836,0,93.24,20010223,1,0,서울특별시 은평구 수색동 293-13번지
11380,10100,0,0293,0013,수색동재활용집하시설,,일반건축물,분뇨.쓰레기처리시설,재활용센터,4836,0,497,20010223,2,0,서울특별시 은평구 수색동 293-13번지
11380,10100,0,0293,0020,,,일반건축물,제2종근린생활시설,제2종근린생활시설(사무소),992,192,192,20160503,1,0,서울특별시 은평구 수색동 293-20번지
11380,10100,0,0293,0031,,,일반건축물,단독주택,주택,104,62.8,179.4,19971114,2,1,서울특별시 은평구 수색동 293-31번지
11380,10100,0,0293,0086,,,일반건축물,제2종근린생활시설,근린생활시설,1576,49.7,49.7,20210721,1,0,서울특별시 은평구 수색동 293-86번지
11380,10100,0,0293,0086,,,일반건축물,제2종근린생활시설,근린생활시설,1576,258.94,258.94,19701201,1,0,서울특별시 은평구 수색동 293-86번지
11380,10100,0,0296,0000,,,일반건축물,단독주택,주택,0,0,23.14,19160401,1,0,서울특별시 은평구 수색동 296번지
11380,10100,0,0296,0008,,,일반건축물,제1종근린생활시설,단독주택,152,76.32,131.8,19990529,2,0,서울특별시 은평구 수색동 296-8번지
11380,10100,0,0296,0013,,,일반건축물,단독주택,"제2종근린생활시설,및단독주택",230,116.38,299.53,20010824,3,0,서울특별시 은평구 수색동 296-13번지
11380,10100,0,0296,0015,,,일반건축물,제2종근린생활시설,"단독주택,근린생활시설",128,76.6,152.7,19990701,2,0,서울특별시 은평구 수색동 296-15번지
11380,10100,0,0296,0016,,,일반건축물,단독주택,단독주택,84,49.23,98.46,19990701,2,0,서울특별시 은평구 수색동 296-16번지
11380,10100,0,0296,0017,,,일반건축물,제2종근린생활시설,근린생활시설,59,32.57,53.46,20010723,2,0,서울특별시 은평구 수색동 296-17번지
11380,10100,0,0296,0020,,,일반건축물,제2종근린생활시설,제2종근린생활시설,179,105.2,105.2,20010613,1,0,서울특별시 은평구 수색동 296-20번지
11380,10100,0,0296,0026,,,일반건축물,창고시설,근린생활시설외 1용도,111,70.71,197.4,19971204,2,1,서울특별시 은평구 수색동 296-26번지
11380,10100,0,0296,0027,,,일반건축물,단독주택,"제2종근린생활시설,주택",105,62.63,124.69,20020527,2,0,서울특별시 은평구 수색동 296-27번지
11380,10100,0,0296,0035,,,일반건축물,제2종근린생활시설,근린생활시설,158,94.69,162.78,19990701,2,0,서울특별시 은평구 수색동 296-35번지
11380,10100,0,0296,0036,,,일반건축물,단독주택,"단독주택,근린생활시설",148,86.3,199.53,20020417,3,0,서울특별시 은평구 수색동 296-36번지
11380,10100,0,0296,0037,,,일반건축물,제1종근린생활시설,근린생활시설외 1용도,143,91.91,254.37,19980629,2,1,서울특별시 은평구 수색동 296-37번지
11380,10100,0,0296,0040,,,일반건축물,제2종근린생활시설,"주택,노유자시설,근린생활시설",168,100.25,289.95,19970710,2,1,서울특별시 은평구 수색동 296-40번지
11380,10100,0,0296,0041,,,일반건축물,제2종근린생활시설,"근린생활시설,주택,노유자시설",193,104.7,244.24,19970710,2,1,서울특별시 은평구 수색동 296-41번지
11380,10100,0,0300,0000,,,일반건축물,단독주택,주택,0,0,19.83,19480205,1,0,서울특별시 은평구 수색동 300번지
11380,10100,0,0305,0001,DMC파크힐,,표제부,공동주택,다세대주택(도시형생활주택/단지형다세대),737,194.12,827.21,20210129,4,1,서울특별시 은평구 수색동 305-1번지
11380,10100,0,0305,0001,DMC파크힐,,표제부,공동주택,다세대주택(도시형생활주택/단지형다세대),737,195.4,803.43,20210217,4,1,서울특별시 은평구 수색동 305-1번지
11380,10100,0,0305,0002,,,일반건축물,단독주택,주택,0,0,78.71,19730923,1,1,서울특별시 은평구 수색동 305-2번지
11380,10100,0,0305,0003,,,일반건축물,단독주택,주택,0,0,77.75,19760923,1,1,서울특별시 은평구 수색동 305-3번지
11380,10100,0,0305,0004,,,일반건축물,단독주택,주택,0,0,71.24,19760923,1,1,서울특별시 은평구 수색동 305-4번지
11380,10100,0,0306,0001,,,일반건축물,단독주택,주택,0,0,83.31,19760306,1,1,서울특별시 은평구 수색동 306-1번지
11380,10100,0,0306,0002,,,일반건축물,단독주택,"단독주택,다가구주택(5가구)",0,0,196.2,19911211,2,1,서울특별시 은평구 수색동 306-2번지
11380,10100,0,0306,0003,,,일반건축물,단독주택,주택,0,0,72.62,19751211,1,1,서울특별시 은평구 수색동 306-3번지
11380,10100,0,0306,0004,,,일반건축물,단독주택,주택,0,0,72.59,19751212,1,1,서울특별시 은평구 수색동 306-4번지
11380,10100,0,0306,0006,,,일반건축물,단독주택,주택,0,0,101.15,19800820,1,1,서울특별시 은평구 수색동 306-6번지
11380,10100,0,0306,0007,,,일반건축물,단독주택,주택,0,0,59.37,19750607,1,0,서울특별시 은평구 수색동 306-7번지
11380,10100,0,0306,0008,,,일반건축물,단독주택,다가구주택(4세대),112,66.65,174.14,19931216,2,1,서울특별시 은평구 수색동 306-8번지
11380,10100,0,0306,0009,,,일반건축물,단독주택,단독주택,165,66.33,180.8,20190516,3,0,서울특별시 은평구 수색동 306-9번지
11380,10100,0,0306,0010,,,표제부,공동주택,다세대주택,0,77.4,235.1,19861105,2,1,서울특별시 은평구 수색동 306-10번지
11380,10100,0,0306,0011,,,표제부,공동주택,다세대주택,0,77.4,235.1,19861105,2,1,서울특별시 은평구 수색동 306-11번지
11380,10100,0,0306,0012,,,표제부,공동주택,다세대주택,0,77.4,235.1,19861105,2,1,서울특별시 은평구 수색동 306-12번지
11380,10100,0,0307,0001,,,일반건축물,제2종근린생활시설,제2종근린생활시설(교회),175,88.07,79.4,19771230,1,1,서울특별시 은평구 수색동 307-1번지
11380,10100,0,0307,0002,,,일반건축물,단독주택,주택,0,0,75.77,19770516,1,1,서울특별시 은평구 수색동 307-2번지
11380,10100,0,0307,0004,예담빌수색,,표제부,공동주택,공동주택(다세대주택),143,79.31,261.69,20230407,5,1,서울특별시 은평구 수색동 307-4번지
11380,10100,0,0307,0005,,,일반건축물,단독주택,주택,0,0,90.08,19761022,1,1,서울특별시 은평구 수색동 307-5번지
11380,10100,0,0307,0006,휴먼하우징,,표제부,공동주택,다세대주택(도시형생활주택/단지형다세대),357,183.56,532.96,20210520,5,0,서울특별시 은평구 수색동 307-6번지
11380,10100,0,0307,0007,,,일반건축물,단독주택,주택,0,0,91.24,19771019,1,1,서울특별시 은평구 수색동 307-7번지
11380,10100,0,0307,0008,아름빌라,,표제부,공동주택,다세대주택,179,106.2,424.8,19950503,3,1,서울특별시 은평구 수색동 307-8번지
11380,10100,0,0307,0009,,,표제부,공동주택,다세대주택,277,148.54,658.65,19941017,4,1,서울특별시 은평구 수색동 307-9번지
11380,10100,0,0308,0001,,,일반건축물,단독주택,"단독주택,다가구(8세대)",218,130.2,489.84,19930730,3,1,서울특별시 은평구 수색동 308-1번지
11380,10100,0,0308,0003,,,일반건축물,단독주택,단독주택,0,0,254.84,19900919,2,1,서울특별시 은평구 수색동 308-3번지
11380,10100,0,0308,0004,,,일반건축물,단독주택,주택,0,0,71.18,19750113,1,1,서울특별시 은평구 수색동 308-4번지
11380,10100,0,0308,0006,,,일반건축물,단독주택,주택,0,0,71.18,19750113,1,1,서울특별시 은평구 수색동 308-6번지
11380,10100,0,0308,0007,,,일반건축물,단독주택,단독주택,175,14.31,24.19,20190516,2,0,서울특별시 은평구 수색동 308-7번지
11380,10100,0,0308,0007,,,일반건축물,단독주택,주택,0,0,96,19750802,1,1,서울특별시 은평구 수색동 308-7번지
11380,10100,0,0308,0009,,,일반건축물,단독주택,주택,0,0,75.31,19760423,1,1,서울특별시 은평구 수색동 308-9번지
11380,10100,0,0308,0010,,,일반건축물,단독주택,주택,0,0,75.31,19760427,1,1,서울특별시 은평구 수색동 308-10번지
11380,10100,0,0308,0011,,,표제부,공동주택,다세대주택,290.32,158.68,659.77,19940928,4,2,서울특별시 은평구 수색동 308-11번지
11380,10100,0,0309,0001,,,표제부,공동주택,다세대주택,102,48.16,144.48,19870227,2,1,서울특별시 은평구 수색동 309-1번지
11380,10100,0,0309,0002,,,표제부,공동주택,다세대주택,0,97.82,244.55,19870709,2,1,서울특별시 은평구 수색동 309-2번지
11380,10100,0,0309,0003,,,일반건축물,단독주택,주택,0,0,155.79,19771230,2,1,서울특별시 은평구 수색동 309-3번지
11380,10100,0,0309,0004,,,일반건축물,단독주택,주택,0,0,145.42,19780731,2,1,서울특별시 은평구 수색동 309-4번지
11380,10100,0,0309,0005,,,일반건축물,단독주택,"단독주택,다가구(8가구)",0,0,370.12,19911002,3,1,서울특별시 은평구 수색동 309-5번지
11380,10100,0,0309,0006,,,일반건축물,단독주택,주택,0,0,78.68,19771102,1,1,서울특별시 은평구 수색동 309-6번지
11380,10100,0,0309,0008,,,표제부,공동주택,연립주택,928.05,431.82,1638.96,19960501,4,1,서울특별시 은평구 수색동 309-8번지
11380,10100,0,0310,0002,,,표제부,공동주택,연립주택,916,408.65,1596.85,19940113,4,1,서울특별시 은평구 수색동 310-2번지
11380,10100,0,0310,0004,제이빌,,일반건축물,단독주택,단독주택(다가구주택),145,86.86,282.6,20191204,3,1,서울특별시 은평구 수색동 310-4번지
11380,10100,0,0310,0005,,,일반건축물,단독주택,주택,0,0,158,19780905,2,1,서울특별시 은평구 수색동 310-5번지
11380,10100,0,0310,0010,,,일반건축물,단독주택,단독주택,0,0,228.39,19900131,3,1,서울특별시 은평구 수색동 310-10번지
11380,10100,0,0310,0011,,,일반건축물,단독주택,"다가구(4가구),근린생활시설",165.52,91.67,324.94,19960807,3,1,서울특별시 은평구 수색동 310-11번지
11380,10100,0,0310,0012,,,표제부,공동주택,다세대주택,196,117.12,427.36,19930827,3,1,서울특별시 은평구 수색동 310-12번지
11380,10100,0,0310,0014,,,표제부,공동주택,다세대주택,215.32,108.71,473.36,19930803,4,1,서울특별시 은평구 수색동 310-14번지
11380,10100,0,0311,0001,DMC파크빌,,표제부,공동주택,다세대주택(도시형생활주택/단지형다세대),212,122.09,317.9,20151125,5,0,서울특별시 은평구 수색동 311-1번지
11380,10100,0,0311,0002,리얼파크수색,,표제부,공동주택,다세대주택(도시형생활주택/단지형다세대),323,172.62,483.21,20210601,5,0,서울특별시 은평구 수색동 311-2번지
11380,10100,0,0311,0003,리얼파크수색,,표제부,공동주택,다세대주택(도시형생활주택/단지형다세대),312,179.51,467.97,20210601,5,0,서울특별시 은평구 수색동 311-3번지
11380,10100,0,0311,0004,,,일반건축물,단독주택,주택,0,0,163.63,19780921,2,1,서울특별시 은평구 수색동 311-4번지
11380,10100,0,0312,0004,,,일반건축물,단독주택,"단독주택,다가구(5가구)",0,0,299.57,19900926,2,1,서울특별시 은평구 수색동 312-4번지
11380,10100,0,0312,0005,,,일반건축물,단독주택,다가구주택(8가구),166,98.96,384.56,19950617,3,1,서울특별시 은평구 수색동 312-5번지
11380,10100,0,0312,0006,,,일반건축물,단독주택,주택,0,0,123.84,19840218,2,1,서울특별시 은평구 수색동 312-6번지
11380,10100,0,0312,0007,,,일반건축물,단독주택,주택,0,0,108.16,19771026,2,1,서울특별시 은평구 수색동 312-7번지
11380,10100,0,0312,0008,,,일반건축물,단독주택,주택,0,0,81.66,19771026,1,1,서울특별시 은평구 수색동 312-8번지
11380,10100,0,0312,0009,,,일반건축물,단독주택,주택,0,0,81.66,19780727,1,1,서울특별시 은평구 수색동 312-9번지
11380,10100,0,0313,0001,,,일반건축물,종교시설,교회,802,0,605.65,19870428,2,1,서울특별시 은평구 수색동 313-1번지
11380,10100,0,0313,0001,,,일반건축물,제2종근린생활시설,화장실,0,0,11.04,19870428,1,0,서울특별시 은평구 수색동 313-1번지
11380,10100,0,0313,0002,,,일반건축물,단독주택,주택,0,0,145.84,19840929,1,1,서울특별시 은평구 수색동 313-2번지
11380,10100,0,0313,0002,,,일반건축물,단독주택,주택,0,0,143.1,19840929,1,1,서울특별시 은평구 수색동 313-2번지
11380,10100,0,0313,0002,,,일반건축물,단독주택,주택,0,0,143.42,19840929,1,1,서울특별시 은평구 수색동 313-2번지
11380,10100,0,0313,0003,,,표제부,공동주택,다세대주택,288.24,163.7,574.72,20030210,5,0,서울특별시 은평구 수색동 313-3번지
11380,10100,0,0313,0005,,,일반건축물,단독주택,주택,0,0,131.56,19791213,2,1,서울특별시 은평구 수색동 313-5번지
11380,10100,0,0313,0009,,,표제부,공동주택,다세대주택(도시형생활주택),245,135.98,573.73,20210709,4,1,서울특별시 은평구 수색동 313-9번지
11380,10100,0,0314,0001,신광주유소,,일반건축물,위험물저장및처리시설,주유소(캐노피),0,0,47.5,19820731,1,0,서울특별시 은평구 수색동 314-1번지
11380,10100,0,0314,0001,신광주유소,,일반건축물,위험물저장및처리시설,주유소,0,0,220.34,19920731,2,1,서울특별시 은평구 수색동 314-1번지
11380,10100,0,0314,0001,신광주유소,,일반건축물,위험물저장및처리시설,"주유소(사무실,캐노피)",0,0,315.94,19890211,3,1,서울특별시 은평구 수색동 314-1번지
11380,10100,0,0314,0002,,,일반건축물,단독주택,주택,0,0,50.78,19701120,1,0,서울특별시 은평구 수색동 314-2번지
11380,10100,0,0314,0006,,,일반건축물,단독주택,주택,0,0,32.76,19701112,1,0,서울특별시 은평구 수색동 314-6번지
11380,10100,0,0314,0010,,,일반건축물,단독주택,주택,231,83.48,146.43,19680626,2,0,서울특별시 은평구 수색동 314-10번지
11380,10100,0,0315,0001,,,일반건축물,제1종근린생활시설,근린생활시설,105,46.2,138.6,19950729,3,0,서울특별시 은평구 수색동 315-1번지
11380,10100,0,0315,0002,,,일반건축물,제1종근린생활시설,근린생활시설 및 주택,331,192.08,928.05,19951020,4,1,서울특별시 은평구 수색동 315-2번지
11380,10100,0,0315,0003,휴먼하우징 ll,,표제부,공동주택,다세대주택(도시형생활주택/단지형다세대),289.28,143.73,432.84,20210720,5,0,서울특별시 은평구 수색동 315-3번지
11380,10100,0,0315,0004,,,일반건축물,단독주택,주택,0,0,119.46,,2,1,서울특별시 은평구 수색동 315-4번지
11380,10100,0,0315,0005,,,일반건축물,단독주택,주택,0,0,194.14,19891109,2,1,서울특별시 은평구 수색동 315-5번지
11380,10100,0,0315,0006,,,표제부,공동주택,연립주택,0,129.16,387.48,19840731,2,1,서울특별시 은평구 수색동 315-6번지
11380,10100,0,0315,0007,,,일반건축물,단독주택,"단독주택,다가구(5가구)",0,0,197.1,19901130,2,1,서울특별시 은평구 수색동 315-7번지
11380,10100,0,0315,0009,,,일반건축물,단독주택,"단독주택,다가구(5가구)",0,0,195.49,19901123,2,1,서울특별시 은평구 수색동 315-9번지
11380,10100,0,0315,0010,,,일반건축물,단독주택,다가구주택(5가구),113,57.67,173.01,19901119,2,1,서울특별시 은평구 수색동 315-10번지
11380,10100,0,0315,0011,,,일반건축물,단독주택,"단독주택,다가구(7가구)",0,0,442.16,19910913,2,1,서울특별시 은평구 수색동 315-11번지
11380,10100,0,0315,0013,,,일반건축물,제1종근린생활시설,근린생활시설및 주택,271,140.43,629.59,19950802,5,1,서울특별시 은평구 수색동 315-13번지
11380,10100,0,0315,0015,,,일반건축물,단독주택,주택,0,0,34.88,19610430,1,0,서울특별시 은평구 수색동 315-15번지
11380,10100,0,0315,0019,,,일반건축물,단독주택,주택,0,0,32.3,19730118,1,0,서울특별시 은평구 수색동 315-19번지
11380,10100,0,0316,0001,,,표제부,공동주택,근린시설및다세대주택,298,178.5,954.81,19941012,5,1,서울특별시 은평구 수색동 316-1번지
11380,10100,0,0316,0002,아이린III,,표제부,공동주택,공동주택(다세대주택),311,169.37,618.03,20160324,4,1,서울특별시 은평구 수색동 316-2번지
11380,10100,0,0316,0003,,,일반건축물,단독주택,"단독주택,다가구(5가구)",166,82.47,247.41,19940916,2,1,서울특별시 은평구 수색동 316-3번지
11380,10100,0,0316,0004,청송평화헬스하우스,,표제부,공동주택,다세대주택(도시형생활주택/단지형다세대),350.64,198.99,525.58,20161027,5,0,서울특별시 은평구 수색동 316-4번지
11380,10100,0,0316,0006,지니솔,,표제부,공동주택,다세대주택(도시형생활주택/단지형다세대),161,90.31,241.12,20210601,4,0,서울특별시 은평구 수색동 316-6번지
11380,10100,0,0316,0008,,,일반건축물,단독주택,주택,0,0,93.55,19771201,1,1,서울특별시 은평구 수색동 316-8번지
11380,10100,0,0316,0009,,,일반건축물,단독주택,단독주택,0,0,90.58,19781228,1,1,서울특별시 은평구 수색동 316-9번지
11380,10100,0,0316,0010,,,일반건축물,단독주택,다가구주택(3가구),0,0,182.93,19870923,2,1,서울특별시 은평구 수색동 316-10번지
11380,10100,0,0316,0011,,,표제부,공동주택,다세대주택(8세대),185,82.02,229.57,19880830,2,1,서울특별시 은평구 수색동 316-11번지
11380,10100,0,0316,0012,,,일반건축물,단독주택,주택,0,0,276.33,19820923,2,1,서울특별시 은평구 수색동 316-12번지
11380,10100,0,0317,0001,,,일반건축물,제2종근린생활시설,근린생활시설 외 1용도,251,124.45,695.37,19980929,5,1,서울특별시 은평구 수색동 317-1번지
11380,10100,0,0317,0002,,,일반건축물,교육연구시설,"근린생활시설,단독주택(1가구)",307,0,449.19,19850725,2,1,서울특별시 은평구 수색동 317-2번지
11380,10100,0,0317,0003,,,일반건축물,단독주택,단독주택,0,0,228.87,19891220,2,1,서울특별시 은평구 수색동 317-3번지
11380,10100,0,0317,0004,,,일반건축물,단독주택,단독주택,0,0,131.19,19891220,2,1,서울특별시 은평구 수색동 317-4번지
11380,10100,0,0317,0005,,,일반건축물,단독주택,단독주택,0,0,137.64,19891221,2,1,서울특별시 은평구 수색동 317-5번지
11380,10100,0,0317,0006,아이린 II,,표제부,공동주택,다세대주택(도시형생활주택/단지형다세대),347,185.23,520.24,20151124,5,0,서울특별시 은평구 수색동 317-6번지
11380,10100,0,0317,0007,,,표제부,공동주택,근생(1호) 및 다세대주택(8세대),337,193.16,842.28,20021101,4,1,서울특별시 은평구 수색동 317-7번지
11380,10100,0,0317,0008,,,표제부,공동주택,다세대주택 및 근린생활시설,327,172.48,806.74,20000807,4,1,서울특별시 은평구 수색동 317-8번지
11380,10100,0,0317,0009,,,일반건축물,제2종근린생활시설,근린생활시설,361.5,180.22,997.52,19931115,5,1,서울특별시 은평구 수색동 317-9번지
11380,10100,0,0317,0010,,,일반건축물,단독주택,주택,0,0,62.81,19631025,1,0,서울특별시 은평구 수색동 317-10번지
11380,10100,0,0318,0001,,,일반건축물,제2종근린생활시설,근린생활시설 및 주택,420,215.22,1002.56,19940523,4,1,서울특별시 은평구 수색동 318-1번지
11380,10100,0,0318,0002,,,일반건축물,제2종근린생활시설,근린생활시설 및 주택,420,200.69,938.99,19940523,4,1,서울특별시 은평구 수색동 318-2번지
11380,10100,0,0318,0003,,,일반건축물,단독주택,"주택,근린생활시설",168.24,0,242.52,19850628,3,0,서울특별시 은평구 수색동 318-3번지
11380,10100,0,0318,0004,,,일반건축물,단독주택,주택,0,0,136.39,,3,1,서울특별시 은평구 수색동 318-4번지
11380,10100,0,0318,0005,,,일반건축물,제2종근린생활시설,근생 및 주택,130,64.24,385.44,19930129,5,1,서울특별시 은평구 수색동 318-5번지
11380,10100,0,0318,0006,,,표제부,공동주택,다세대주택,268,151.76,660,19930908,4,1,서울특별시 은평구 수색동 318-6번지
11380,10100,0,0318,0007,,,일반건축물,제2종근린생활시설,"근린생활시설, 주택",357,212.74,1109.06,19981207,5,1,서울특별시 은평구 수색동 318-7번지
11380,10100,0,0318,0009,,,일반건축물,단독주택,"단독주택,다가구주택(3가구)",215,128.61,385.83,19920814,2,1,서울특별시 은평구 수색동 318-9번지
11380,10100,0,0319,0001,,,표제부,공동주택,연립주택,0,195.84,783.36,19891121,3,1,서울특별시 은평구 수색동 319-1번지
11380,10100,0,0319,0002,DMC파크빌2차,,표제부,공동주택,다세대주택(도시형생활주택/단지형다세대),264,154.22,395.91,20170201,5,0,서울특별시 은평구 수색동 319-2번지
11380,10100,0,0319,0003,더플레이스DMC,,표제부,공동주택,공동주택(다세대주택),182,104.67,243.07,20201130,4,0,서울특별시 은평구 수색동 319-3번지
11380,10100,0,0319,0005,,,일반건축물,단독주택,"단독주택,다가구(7가구)",205,112.88,392.87,19930810,3,1,서울특별시 은평구 수색동 319-5번지
11380,10100,0,0319,0006,,,일반건축물,단독주택,"단독주택,다가구(5가구)",0,0,173.07,19910614,2,1,서울특별시 은평구 수색동 319-6번지
11380,10100,0,0319,0007,,,표제부,공동주택,다세대주택,221,127.53,498.74,20020610,4,1,서울특별시 은평구 수색동 319-7번지
11380,10100,0,0319,0008,,,일반건축물,제1종근린생활시설,근.생 및 주택,268,133.86,638.94,19930201,4,1,서울특별시 은평구 수색동 319-8번지
11380,10100,0,0319,0009,,,일반건축물,단독주택,"단독주택,다가구(4가구)",0,0,200.34,19901127,2,1,서울특별시 은평구 수색동 319-9번지
11380,10100,0,0319,0010,,,일반건축물,제1종근린생활시설,근린생활시설 및 주택,109,64.9,286,19950519,4,1,서울특별시 은평구 수색동 319-10번지
11380,10100,0,0320,0001,,,표제부,공동주택,연립주택,0,198.47,1018.44,19921230,4,1,서울특별시 은평구 수색동 320-1번지
11380,10100,0,0320,0002,,,일반건축물,단독주택,주택,121,0,181.26,19860818,2,1,서울특별시 은평구 수색동 320-2번지
11380,10100,0,0320,0003,,,일반건축물,단독주택,주택,0,0,85.41,19830905,1,1,서울특별시 은평구 수색동 320-3번지
11380,10100,0,0320,0004,,,일반건축물,단독주택,주택,115,0,125.46,19860123,2,1,서울특별시 은평구 수색동 320-4번지
11380,10100,0,0320,0006,,,일반건축물,단독주택,주택,0,0,83.98,19820812,1,1,서울특별시 은평구 수색동 320-6번지
11380,10100,0,0320,0007,,,일반건축물,단독주택,단독주택,0,0,202.67,19900125,2,1,서울특별시 은평구 수색동 320-7번지
11380,10100,0,0320,0008,,,일반건축물,단독주택,단독주택(다가구주택 2가구),109,60,220.61,20190104,3,1,서울특별시 은평구 수색동 320-8번지
11380,10100,0,0320,0009,,,일반건축물,단독주택,주택,0,0,89.91,19780131,1,1,서울특별시 은평구 수색동 320-9번지
11380,10100,0,0320,0010,봉산선호빌,,표제부,공동주택,"공동주택(다세대주택),근린생활시설",178.7,99.62,396.24,20190118,4,1,서울특별시 은평구 수색동 320-10번지
11380,10100,0,0320,0011,,,일반건축물,단독주택,주택,158,74.69,144.16,19810203,2,0,서울특별시 은평구 수색동 320-11번지
11380,10100,0,0321,0002,,,일반건축물,제1종근린생활시설,근린생활시설,0,66.72,66.72,20210204,1,0,서울특별시 은평구 수색동 321-2번지
11380,10100,0,0321,0002,,,일반건축물,단독주택,"단독주택,다가구주택(2가구)",0,0,288.67,19910423,2,1,서울특별시 은평구 수색동 321-2번지
11380,10100,0,0321,0003,,,일반건축물,제2종근린생활시설,근린생활시설,397,224.94,998.23,20210125,3,2,서울특별시 은평구 수색동 321-3번지
11380,10100,0,0321,0004,,,일반건축물,단독주택,단독주택,0,0,211.74,19910507,2,1,서울특별시 은평구 수색동 321-4번지
11380,10100,0,0321,0005,DMC 갤러리아 A,,표제부,공동주택,다세대주택(도시형생활주택/단지형다세대),323,150.24,482,20201118,5,0,서울특별시 은평구 수색동 321-5번지
11380,10100,0,0321,0006,,,표제부,공동주택,다세대주택,353.25,186.17,659.12,19941230,3,1,서울특별시 은평구 수색동 321-6번지
11380,10100,0,0321,0007,아이린 I,,표제부,공동주택,공동주택(다세대주택),327,179.88,659.82,20151124,4,1,서울특별시 은평구 수색동 321-7번지
11380,10100,0,0321,0008,,,일반건축물,단독주택,주택,0,0,91.73,,1,0,서울특별시 은평구 수색동 321-8번지
11380,10100,0,0324,0004,,,표제부,공동주택,다세대주택,218,114.08,547.3,19931224,4,1,서울특별시 은평구 수색동 324-4번지
11380,10100,0,0324,0005,,,표제부,공동주택,연립주택,417,242.2,1038.46,19960410,4,1,서울특별시 은평구 수색동 324-5번지
11380,10100,0,0324,0006,,,표제부,공동주택,연립주택,407,242.41,1148.56,19970630,4,1,서울특별시 은평구 수색동 324-6번지
11380,10100,0,0324,0007,,,표제부,공동주택,연립주택,0,135.63,541.08,19830531,3,1,서울특별시 은평구 수색동 324-7번지
11380,10100,0,0324,0008,금호베스트빌,,표제부,공동주택,다세대주택,307,180.86,609.36,20050817,5,0,서울특별시 은평구 수색동 324-8번지
11380,10100,0,0324,0009,,,일반건축물,단독주택,주택,0,0,206.28,19841110,2,1,서울특별시 은평구 수색동 324-9번지
11380,10100,0,0324,0010,,,표제부,공동주택,다세대 주택,264,137.38,630.7,19930529,4,1,서울특별시 은평구 수색동 324-10번지
11380,10100,0,0324,0011,,,일반건축물,단독주택,주택,0,0,42.15,19701206,1,0,서울특별시 은평구 수색동 324-11번지
11380,10100,0,0324,0014,,,일반건축물,단독주택,창고,0,0,7.6,,1,0,서울특별시 은평구 수색동 324-14번지
11380,10100,0,0324,0014,,,일반건축물,단독주택,주택,0,0,55.53,,1,0,서울특별시 은평구 수색동 324-14번지
11380,10100,0,0325,0021,,,일반건축물,제1종근린생활시설,"단독주택,근린생활시설",359,200.84,406.77,20020813,2,1,서울특별시 은평구 수색동 325-21번지
11380,10100,0,0326,0018,,,일반건축물,단독주택,창고,0,0,7.6,19640925,1,0,서울특별시 은평구 수색동 326-18번지
11380,10100,0,0326,0018,,,일반건축물,단독주택,주택,0,0,55.53,19640925,1,0,서울특별시 은평구 수색동 326-18번지
11380,10100,0,0345,0007,,,일반건축물,단독주택,주택,0,0,48.53,19680930,1,0,서울특별시 은평구 수색동 345-7번지
11380,10100,0,0364,0001,,,일반건축물,제1종근린생활시설,점포,0,0,79.34,19611205,1,0,서울특별시 은평구 수색동 364-1번지
11380,10100,0,0364,0002,,,일반건축물,제1종근린생활시설,근린생활시설,0,0,459.36,19880923,3,1,서울특별시 은평구 수색동 364-2번지
11380,10100,0,0364,0003,,,일반건축물,제2종근린생활시설,근린생활시설,156,0,401.46,19880819,4,1,서울특별시 은평구 수색동 364-3번지
11380,10100,0,0364,0004,,,일반건축물,단독주택,주택,0,0,37.42,19850628,1,0,서울특별시 은평구 수색동 364-4번지
11380,10100,0,0364,0005,,,일반건축물,단독주택,주택,0,0,39.19,19850628,1,0,서울특별시 은평구 수색동 364-5번지
11380,10100,0,0364,0005,,,일반건축물,단독주택,주택,0,0,12.22,19850628,1,0,서울특별시 은평구 수색동 364-5번지
11380,10100,0,0364,0008,,,일반건축물,제2종근린생활시설,근린생활시설,0,0,64.5,19841005,1,0,서울특별시 은평구 수색동 364-8번지
11380,10100,0,0364,0009,,,일반건축물,제1종근린생활시설,근린생활시설,0,0,90.92,19700620,1,0,서울특별시 은평구 수색동 364-9번지
11380,10100,0,0365,0005,,,일반건축물,단독주택,"근린생활시설, 주택",0,0,194.1,19900920,3,1,서울특별시 은평구 수색동 365-5번지
11380,10100,0,0365,0006,,,일반건축물,단독주택,화장실,0,0,2.79,19841206,1,0,서울특별시 은평구 수색동 365-6번지
11380,10100,0,0365,0006,,,일반건축물,제1종근린생활시설,주택및 근린생활시설,0,31,278.31,19841206,2,1,서울특별시 은평구 수색동 365-6번지
11380,10100,0,0365,0007,,,일반건축물,제2종근린생활시설,근린생활시설,126.85,0,268.12,19851025,4,1,서울특별시 은평구 수색동 365-7번지
11380,10100,0,0365,0008,,,일반건축물,제1종근린생활시설,영업용,0,0,806.41,19681028,3,1,서울특별시 은평구 수색동 365-8번지
11380,10100,0,0365,0010,,,일반건축물,단독주택,"주택,점포",0,0,163.41,19770126,2,1,서울특별시 은평구 수색동 365-10번지
11380,10100,0,0365,0011,,,일반건축물,단독주택,주택,0,0,164.26,19780811,2,1,서울특별시 은평구 수색동 365-11번지
11380,10100,0,0365,0012,,,일반건축물,단독주택,주택,0,0,56.92,19680831,2,0,서울특별시 은평구 수색동 365-12번지
11380,10100,0,0365,0013,,,일반건축물,단독주택,다가구단독주택4가구,0,0,130.18,19901228,2,1,서울특별시 은평구 수색동 365-13번지
11380,10100,0,0365,0014,,,일반건축물,단독주택,주택,0,0,53.66,19830906,1,0,서울특별시 은평구 수색동 365-14번지
11380,10100,0,0366,0001,,,일반건축물,제1종근린생활시설,"제1,2종근린생활시설",0,0,1664.75,19750628,5,1,서울특별시 은평구 수색동 366-1번지
11380,10100,0,0366,0002,,,일반건축물,제1종근린생활시설,"점포,사무실",0,0,67.52,19720110,3,1,서울특별시 은평구 수색동 366-2번지
11380,10100,0,0366,0003,,,일반건축물,제1종근린생활시설,근린생활시설,0,0,91.76,19771105,3,1,서울특별시 은평구 수색동 366-3번지
11380,10100,0,0366,0005,,,일반건축물,제2종근린생활시설,"근린생활시설, 주택",0,0,432.52,19750704,3,1,서울특별시 은평구 수색동 366-5번지
11380,10100,0,0366,0008,,,일반건축물,단독주택,"점포,주택,근린생활시설",0,0,71.61,19720330,2,1,서울특별시 은평구 수색동 366-8번지
11380,10100,0,0366,0009,,,일반건축물,단독주택,"주택,점포",0,0,129.73,19720226,3,1,서울특별시 은평구 수색동 366-9번지
11380,10100,0,0366,0010,,,일반건축물,단독주택,"주택점포,제2종근린생활시설",0,0,138.37,,3,1,서울특별시 은평구 수색동 366-10번지
11380,10100,0,0366,0011,,,일반건축물,노유자시설,"근린생활시설, 노유자시설",616.79,303.03,1891.3,19940719,6,1,서울특별시 은평구 수색동 366-11번지
11380,10100,0,0366,0013,,,일반건축물,근린생활시설,"근린생활시설,주택",0,0,175.87,19900124,3,1,서울특별시 은평구 수색동 366-13번지
11380,10100,0,0366,0014,,,일반건축물,제1종근린생활시설,근린생활시설 주택,0,0,173.63,19900124,3,1,서울특별시 은평구 수색동 366-14번지
11380,10100,0,0366,0016,,,일반건축물,단독주택,"주택,점포,근린생활시설",0,0,91.76,19710826,3,1,서울특별시 은평구 수색동 366-16번지
11380,10100,0,0367,0001,,,일반건축물,제1종근린생활시설,"주택,간이음식점",0,0,25.88,19671030,1,0,서울특별시 은평구 수색동 367-1번지
11380,10100,0,0367,0002,,,일반건축물,제2종근린생활시설,제2종근린생활시설,0,0,52.89,19671110,1,0,서울특별시 은평구 수색동 367-2번지
11380,10100,0,0367,0003,,,일반건축물,제1종근린생활시설,"영업용,주택",0,0,260.58,19660106,2,0,서울특별시 은평구 수색동 367-3번지
11380,10100,0,0367,0004,,,일반건축물,제1종근린생활시설,근린생활시설,0,0,62.81,19771013,1,0,서울특별시 은평구 수색동 367-4번지
11380,10100,0,0367,0004,,,일반건축물,제1종근린생활시설,근린생활시설,0,0,5.29,19771013,1,0,서울특별시 은평구 수색동 367-4번지
11380,10100,0,0367,0005,,,일반건축물,근린생활시설,"점포, 주택",0,0,23.47,19711027,2,0,서울특별시 은평구 수색동 367-5번지
11380,10100,0,0367,0005,,,일반건축물,근린생활시설,점포,0,0,59.47,19740423,1,0,서울특별시 은평구 수색동 367-5번지
11380,10100,0,0367,0007,,,일반건축물,제1종근린생활시설,근린생활시설(음식점),0,0,64.99,19711218,1,0,서울특별시 은평구 수색동 367-7번지
11380,10100,0,0367,0007,,,일반건축물,단독주택,주택,0,0,45.29,19711218,1,0,서울특별시 은평구 수색동 367-7번지
11380,10100,0,0367,0007,,,일반건축물,제1종근린생활시설,점포,0,0,146.25,19711218,1,0,서울특별시 은평구 수색동 367-7번지
11380,10100,0,0367,0008,,,일반건축물,제1종근린생활시설,점포,0,0,40.89,19721205,1,0,서울특별시 은평구 수색동 367-8번지
11380,10100,0,0367,0008,,,일반건축물,제1종근린생활시설,제1종근린생활시설,0,0,57.52,19770415,1,0,서울특별시 은평구 수색동 367-8번지
11380,10100,0,0367,0008,,,일반건축물,제1종근린생활시설,점포,0,0,198.91,19800809,1,0,서울특별시 은평구 수색동 367-8번지
11380,10100,0,0367,0009,,,일반건축물,근린생활시설,점포,0,0,17.19,,1,0,서울특별시 은평구 수색동 367-9번지
11380,10100,0,0367,0009,,,일반건축물,근린생활시설,점포,0,0,36.63,,1,0,서울특별시 은평구 수색동 367-9번지
11380,10100,0,0367,0009,,,일반건축물,제1종근린생활시설,점포,0,0,56.96,,1,0,서울특별시 은평구 수색동 367-9번지
11380,10100,0,0367,0009,,,일반건축물,제1종근린생활시설,점포,0,0,40.59,,1,0,서울특별시 은평구 수색동 367-9번지
11380,10100,0,0367,0009,,,일반건축물,제1종근린생활시설,점포,0,0,31.21,,1,0,서울특별시 은평구 수색동 367-9번지
11380,10100,0,0367,0009,,,일반건축물,제1종근린생활시설,제1종근린생활시설(소매점),0,0,41.29,,1,0,서울특별시 은평구 수색동 367-9번지
11380,10100,0,0367,0009,,,일반건축물,제1종근린생활시설,"점포, 제2종근린생활시설",0,0,59.47,,2,0,서울특별시 은평구 수색동 367-9번지
11380,10100,0,0367,0009,,,일반건축물,제1종근린생활시설,점포,0,0,20.2,,1,0,서울특별시 은평구 수색동 367-9번지
11380,10100,0,0367,0009,,,일반건축물,근린생활시설,점포,0,0,36.36,,1,0,서울특별시 은평구 수색동 367-9번지
11380,10100,0,0367,0009,,,일반건축물,제1종근린생활시설,점포,0,0,82.38,,1,0,서울특별시 은평구 수색동 367-9번지
11380,10100,0,0367,0009,,,일반건축물,제1종근린생활시설,점포,0,0,20.2,,1,0,서울특별시 은평구 수색동 367-9번지
11380,10100,0,0367,0009,,,일반건축물,근린생활시설,점포,0,0,17.16,,1,0,서울특별시 은평구 수색동 367-9번지
11380,10100,0,0367,0010,,,일반건축물,제1종근린생활시설,점포,0,0,37.26,,1,0,서울특별시 은평구 수색동 367-10번지
11380,10100,0,0367,0012,,,일반건축물,제2종근린생활시설,점포,0,0,32.86,,1,0,서울특별시 은평구 수색동 367-12번지
11380,10100,0,0367,0013,,,일반건축물,제1종근린생활시설,점포,0,0,32.86,,1,0,서울특별시 은평구 수색동 367-13번지
11380,10100,0,0368,0001,,,일반건축물,제2종근린생활시설,"점포,주택,제1,2종근린생활시설",0,0,597.02,19700730,4,1,서울특별시 은평구 수색동 368-1번지
11380,10100,0,0368,0002,,,일반건축물,제1종근린생활시설,점포,0,0,92.22,19710930,3,0,서울특별시 은평구 수색동 368-2번지
11380,10100,0,0368,0002,,,일반건축물,제1종근린생활시설,영업용,0,0,39.93,19491005,1,0,서울특별시 은평구 수색동 368-2번지
11380,10100,0,0368,0002,,,일반건축물,제1종근린생활시설,점포,0,0,19.4,19491005,1,0,서울특별시 은평구 수색동 368-2번지
11380,10100,0,0368,0003,,,일반건축물,제1종근린생활시설,근린생활시설,62.59,0,53.16,19851015,1,0,서울특별시 은평구 수색동 368-3번지
11380,10100,0,0368,0004,,,일반건축물,제1종근린생활시설,근린생활시설,0,0,131.3,19670713,2,0,서울특별시 은평구 수색동 368-4번지
11380,10100,0,0368,0005,,,일반건축물,제1종근린생활시설,"점포,근린생활시설",192,137.19,727.74,19711108,5,1,서울특별시 은평구 수색동 368-5번지
11380,10100,0,0368,0006,,,일반건축물,제2종근린생활시설,근린생활시설,0,84.03,291.92,19710901,3,1,서울특별시 은평구 수색동 368-6번지
11380,10100,0,0368,0006,,,일반건축물,제1종근린생활시설,"근린생활시설,판매시설",0,30.85,564.39,19750819,4,1,서울특별시 은평구 수색동 368-6번지
11380,10100,0,0368,0009,,,일반건축물,근린생활시설,점포,0,0,187.44,19700227,2,0,서울특별시 은평구 수색동 368-9번지
11380,10100,0,0368,0011,,,일반건축물,근린생활시설,점포,0,0,35.7,19720309,1,0,서울특별시 은평구 수색동 368-11번지
11380,10100,0,0368,0011,,,일반건축물,제1종근린생활시설,점포 및 주택,0,0,108.76,19700227,2,0,서울특별시 은평구 수색동 368-11번지
11380,10100,0,0368,0011,,,일반건축물,제1종근린생활시설,점포,0,0,26.12,19720309,1,0,서울특별시 은평구 수색동 368-11번지
11380,10100,0,0368,0011,,,일반건축물,제1종근린생활시설,점포,0,0,23.14,19720309,1,0,서울특별시 은평구 수색동 368-11번지
11380,10100,0,0368,0017,,,일반건축물,단독주택,"점포,주택",0,0,63.07,19720309,2,0,서울특별시 은평구 수색동 368-17번지
11380,10100,0,0368,0021,,,일반건축물,근린생활시설,점포,0,0,41.19,19700304,2,1,서울특별시 은평구 수색동 368-21번지
11380,10100,0,0368,0021,,,일반건축물,근린생활시설,점포,0,0,22.98,,1,1,서울특별시 은평구 수색동 368-21번지
11380,10100,0,0368,0024,,,일반건축물,제1종근린생활시설,점포,0,0,27.11,19700120,2,1,서울특별시 은평구 수색동 368-24번지
11380,10100,0,0368,0024,,,일반건축물,제1종근린생활시설,"점포,주택",0,0,270.22,19700227,2,1,서울특별시 은평구 수색동 368-24번지
11380,10100,0,0368,0025,,,일반건축물,제1종근린생활시설,"근린생활시설,주택",271,0,477.6,19851002,3,1,서울특별시 은평구 수색동 368-25번지
11380,10100,0,0368,0026,,,일반건축물,제1종근린생활시설,점포,0,0,32.59,19660909,1,0,서울특별시 은평구 수색동 368-26번지
11380,10100,0,0368,0027,,,일반건축물,제1종근린생활시설,점포,0,0,90.11,19660729,2,1,서울특별시 은평구 수색동 368-27번지
11380,10100,0,0368,0027,,,일반건축물,제1종근린생활시설,"점포,주택",0,0,33.71,19850628,1,0,서울특별시 은평구 수색동 368-27번지
11380,10100,0,0368,0028,,,일반건축물,제1종근린생활시설,점포,0,0,75.8,19700224,1,0,서울특별시 은평구 수색동 368-28번지
11380,10100,0,0369,0001,,,일반건축물,제1종근린생활시설,근린생활시설,0,0,331.08,19660920,4,1,서울특별시 은평구 수색동 369-1번지
11380,10100,0,0369,0001,,,일반건축물,제1종근린생활시설,점포,0,0,61.69,19750808,2,1,서울특별시 은평구 수색동 369-1번지
11380,10100,0,0369,0003,,,일반건축물,제2종근린생활시설,영업,0,0,217.65,19660712,2,0,서울특별시 은평구 수색동 369-3번지
11380,10100,0,0369,0004,,,일반건축물,단독주택,"주택,점포",0,622.14,204.03,19690904,3,0,서울특별시 은평구 수색동 369-4번지
11380,10100,0,0369,0004,,,일반건축물,단독주택,"주택,점포",0,0,193.13,19690904,3,0,서울특별시 은평구 수색동 369-4번지
11380,10100,0,0369,0004,,,일반건축물,단독주택,"주택,점포",0,0,173.56,19690904,2,0,서울특별시 은평구 수색동 369-4번지
11380,10100,0,0369,0004,,,일반건축물,단독주택,"주택,점포",0,0,185.68,19690904,3,0,서울특별시 은평구 수색동 369-4번지
11380,10100,0,0369,0008,,,일반건축물,제1종근린생활시설,근린생활시설,0,0,430.88,19830922,2,1,서울특별시 은평구 수색동 369-8번지
11380,10100,0,0370,0001,,,일반건축물,제2종근린생활시설,"근린생활시설,주택",0,0,398.74,19600919,3,1,서울특별시 은평구 수색동 370-1번지
11380,10100,0,0370,0002,,,일반건축물,단독주택,"주택,치과의원",0,0,143.1,19830422,3,1,서울특별시 은평구 수색동 370-2번지
11380,10100,0,0370,0003,,,일반건축물,판매시설,"판매및영업시설,근린생활시설",0,0,233.13,19611002,2,0,서울특별시 은평구 수색동 370-3번지
11380,10100,0,0370,0003,,,일반건축물,제1종근린생활시설,근린생활시설,0,0,87.61,19611002,2,0,서울특별시 은평구 수색동 370-3번지
11380,10100,0,0370,0004,,,일반건축물,교육연구시설,"영업소,주택(주2)",0,0,181.65,19591105,2,0,서울특별시 은평구 수색동 370-4번지
11380,10100,0,0370,0005,,,일반건축물,제1종근린생활시설,근린생활시설,0,0,264.37,19601005,2,0,서울특별시 은평구 수색동 370-5번지
11380,10100,0,0371,0001,미오당,,표제부,공동주택,"다세대주택(도시형생활주택/단지형다세대), 근린생활시설",387.4,178.5,696.52,20230518,6,0,서울특별시 은평구 수색동 371-1번지
11380,10100,0,0371,0003,수정,,표제부,공동주택,다세대주택(도시형생활주택),134.86,67.25,170.65,20120222,3,0,서울특별시 은평구 수색동 371-3번지
11380,10100,0,0371,0004,,,일반건축물,단독주택,단독주택,0,0,88.93,19790922,1,1,서울특별시 은평구 수색동 371-4번지
11380,10100,0,0371,0005,태양하우스,,표제부,공동주택,공동주택(다세대주택),161.64,80.66,321.34,20210624,5,0,서울특별시 은평구 수색동 371-5번지
11380,10100,0,0371,0006,베로니스,,표제부,공동주택,다세대주택,65.38,30.8,116.08,20250805,5,0,서울특별시 은평구 수색동 371-6번지
11380,10100,0,0372,0001,,,표제부,공동주택,다세대주택,277,130.16,486.31,20101224,5,0,서울특별시 은평구 수색동 372-1번지
11380,10100,0,0372,0002,평강하우스,,표제부,공동주택,공동주택(다세대주택),190,93.17,361.02,20070117,5,0,서울특별시 은평구 수색동 372-2번지
11380,10100,0,0372,0003,덕원빌라,,표제부,공동주택,다세대주택,104,45.09,149.6,20070628,4,0,서울특별시 은평구 수색동 372-3번지
11380,10100,0,0372,0004,해오름빌,,표제부,공동주택,도시형생활주택(원룸형)다세대주택,104.15,49.83,167.95,20120409,5,0,서울특별시 은평구 수색동 372-4번지
11380,10100,0,0373,0002,프라임캐슬,,표제부,공동주택,근린생활시설 및 다세대주택,141.87,70.4,272.8,20111205,5,0,서울특별시 은평구 수색동 373-2번지
11380,10100,0,0373,0003,,,일반건축물,단독주택,"다가구주택,5가구",0,0,187.65,19910618,2,1,서울특별시 은평구 수색동 373-3번지
11380,10100,0,0373,0004,,,일반건축물,단독주택,주택,0,0,25.55,,1,0,서울특별시 은평구 수색동 373-4번지
11380,10100,0,0373,0005,,,일반건축물,단독주택,주택,0,0,34.98,19700620,1,0,서울특별시 은평구 수색동 373-5번지
11380,10100,0,0373,0006,,,일반건축물,단독주택,주택,0,0,31.21,19610907,1,0,서울특별시 은평구 수색동 373-6번지
11380,10100,0,0374,0001,성연렉슬,,표제부,공동주택,"다세대주택,제2종근린생활시설",199.91,99.8,469.25,20090924,5,0,서울특별시 은평구 수색동 374-1번지
11380,10100,0,0374,0002,,,일반건축물,단독주택,단독주택,0,0,181.68,19901227,2,1,서울특별시 은평구 수색동 374-2번지
11380,10100,0,0374,0003,,,일반건축물,단독주택,주택,0,0,43.71,19850628,1,0,서울특별시 은평구 수색동 374-3번지
11380,10100,0,0375,0001,,,일반건축물,제1종근린생활시설,근린생활시설,0,0,146.15,19591023,2,0,서울특별시 은평구 수색동 375-1번지
11380,10100,0,0375,0002,바로지음2,,표제부,공동주택,"공동주택(다세대주택),근린생활시설",168,81.42,417.64,20220610,6,1,서울특별시 은평구 수색동 375-2번지
11380,10100,0,0375,0003,,,일반건축물,제2종근린생활시설,근린생활시설,0,0,46.88,19701201,1,0,서울특별시 은평구 수색동 375-3번지
11380,10100,0,0375,0004,,,일반건축물,제2종근린생활시설,근린생활시설,122,67.35,67.35,19850328,1,0,서울특별시 은평구 수색동 375-4번지
11380,10100,0,0375,0004,,,일반건축물,제2종근린생활시설,제2종근린생활시설(일반음식점),122,0,12.66,19850328,1,0,서울특별시 은평구 수색동 375-4번지
11380,10100,0,0375,0004,,,일반건축물,제2종근린생활시설,화장실,0,0,1.43,19850328,1,0,서울특별시 은평구 수색동 375-4번지
11380,10100,0,0375,0005,,,일반건축물,제2종근린생활시설,근린생활시설,0,0,32.07,19850417,1,0,서울특별시 은평구 수색동 375-5번지
11380,10100,0,0376,0001,,,일반건축물,단독주택,"주택,점포",0,0,90.34,19841005,1,0,서울특별시 은평구 수색동 376-1번지
11380,10100,0,0376,0001,,,일반건축물,단독주택,화장실,0,0,1.56,19841005,1,0,서울특별시 은평구 수색동 376-1번지
11380,10100,0,0376,0001,,,일반건축물,공장,창고,0,0,3.36,19841005,1,0,서울특별시 은평구 수색동 376-1번지
11380,10100,0,0376,0002,,,일반건축물,제1종근린생활시설,"단독주택,근린생활시설",0,0,206.28,19631221,2,0,서울특별시 은평구 수색동 376-2번지
11380,10100,0,0376,0003,,,일반건축물,제1종근린생활시설,점포,0,0,46.28,19660801,2,0,서울특별시 은평구 수색동 376-3번지
11380,10100,0,0376,0003,,,일반건축물,제1종근린생활시설,근린생활시설,0,0,28.93,19660801,1,0,서울특별시 은평구 수색동 376-3번지
11380,10100,0,0376,0003,,,일반건축물,제2종근린생활시설,"근린생활시설,주택",241,0,167.78,19660801,2,0,서울특별시 은평구 수색동 376-3번지
11380,10100,0,0376,0005,,,일반건축물,교육연구시설,영업소,0,0,173.32,19710116,2,1,서울특별시 은평구 수색동 376-5번지
11380,10100,0,0376,0005,,,일반건축물,단독주택,주택,0,0,41.32,19610830,1,0,서울특별시 은평구 수색동 376-5번지
11380,10100,0,0376,0006,,,표제부,제2종근린생활시설,근린생활시설,541.47,257.6,1399.36,19860604,4,1,서울특별시 은평구 수색동 376-6번지
11380,10100,0,0377,0001,,,일반건축물,단독주택,다가구주택(6가구),0,0,257.3,19910919,3,1,서울특별시 은평구 수색동 377-1번지
11380,10100,0,0377,0002,,,일반건축물,단독주택,주택,0,0,34.31,19690923,1,0,서울특별시 은평구 수색동 377-2번지
11380,10100,0,0377,0003,,,일반건축물,단독주택,변소,0,0,1.68,19840919,1,0,서울특별시 은평구 수색동 377-3번지
11380,10100,0,0377,0003,,,일반건축물,단독주택,주택,0,0,39.48,19840919,1,0,서울특별시 은평구 수색동 377-3번지
11380,10100,0,0377,0004,,,일반건축물,단독주택,단독주택,361,173.88,630.6,20250526,5,0,서울특별시 은평구 수색동 377-4번지
11380,10100,0,0377,0006,,,표제부,공동주택,다세대주택,167.38,99.4,296.58,19931028,2,1,서울특별시 은평구 수색동 377-6번지
11380,10100,0,0377,0007,,,일반건축물,단독주택,주택,0,0,103.61,19960919,1,1,서울특별시 은평구 수색동 377-7번지
11380,10100,0,0377,0007,,,일반건축물,단독주택,주택,0,0,34.38,19960919,1,0,서울특별시 은평구 수색동 377-7번지
11380,10100,0,0377,0008,,,일반건축물,단독주택,주택,0,0,25.69,19700820,1,0,서울특별시 은평구 수색동 377-8번지
11380,10100,0,0377,0009,,,일반건축물,단독주택,주택,0,0,28.79,,1,0,서울특별시 은평구 수색동 377-9번지
11380,10100,0,0377,0010,,,표제부,공동주택,다세대주택,0,82.13,246.39,19900704,2,1,서울특별시 은평구 수색동 377-10번지
11380,10100,0,0377,0011,수색팔레스A동,,표제부,공동주택,다세대주택,139,68.4,244.26,20091210,5,0,서울특별시 은평구 수색동 377-11번지
11380,10100,0,0377,0012,,,표제부,공동주택,다세대주택,132,65.78,235.76,20091211,5,0,서울특별시 은평구 수색동 377-12번지
11380,10100,0,0377,0013,성연이지빌,,표제부,공동주택,다세대주택[도시형생활주택-원룸형],139,69.4,224.92,20120906,5,0,서울특별시 은평구 수색동 377-13번지
11380,10100,0,0378,0001,,,일반건축물,제1종근린생활시설,"점포,여관,다방",0,0,586.89,19830401,3,1,서울특별시 은평구 수색동 378-1번지
11380,10100,0,0379,0001,,,표제부,교육연구시설,"근린생활시설,주택,업무시설,교육연구시설",450,223.02,1544.4,19931217,6,1,서울특별시 은평구 수색동 379-1번지
11380,10100,0,0379,0003,,,일반건축물,제1종근린생활시설,제1종근린생활시설,0,0,25.42,19670315,1,0,서울특별시 은평구 수색동 379-3번지
11380,10100,0,0379,0003,,,일반건축물,제1종근린생활시설,점포,0,0,8.26,19651016,1,0,서울특별시 은평구 수색동 379-3번지
11380,10100,0,0379,0004,,,일반건축물,제1종근린생활시설,근린생활시설 주택,0,0,138.84,19671102,2,0,서울특별시 은평구 수색동 379-4번지
11380,10100,0,0379,0005,,,일반건축물,제1종근린생활시설,제1종근린생활시설,0,0,64.26,19670315,2,0,서울특별시 은평구 수색동 379-5번지
11380,10100,0,0379,0006,,,일반건축물,제1종근린생활시설,점포,0,0,44.46,19660615,1,0,서울특별시 은평구 수색동 379-6번지
11380,10100,0,0379,0006,,,일반건축물,제1종근린생활시설,점포,0,0,139.66,19660615,2,0,서울특별시 은평구 수색동 379-6번지
11380,10100,0,0379,0008,삼용주유소,,일반건축물,제2종근린생활시설,주유소,344,132.01,235.99,19930213,3,1,서울특별시 은평구 수색동 379-8번지
11380,10100,0,0383,0003,,,일반건축물,단독주택,주택,0,0,35.9,19600305,1,0,서울특별시 은평구 수색동 383-3번지
11380,10100,0,0383,0005,,,일반건축물,종교시설,영업소,0,0,35.24,,1,0,서울특별시 은평구 수색동 383-5번지
11380,10100,0,0384,0000,,,일반건축물,제1종근린생활시설,점포,0,0,39.67,19610115,1,0,서울특별시 은평구 수색동 384번지
11380,10100,0,0384,0001,,,일반건축물,제1종근린생활시설,점포,0,0,26.45,19610905,1,0,서울특별시 은평구 수색동 384-1번지
11380,10100,0,0384,0002,,,일반건축물,단독주택,주택,0,0,46.98,,2,0,서울특별시 은평구 수색동 384-2번지
11380,10100,0,0384,0009,,,일반건축물,단독주택,주택,0,0,76.15,19850628,1,0,서울특별시 은평구 수색동 384-9번지
11380,10100,0,0384,0009,,,일반건축물,단독주택,주택,0,0,22.41,19850628,1,0,서울특별시 은평구 수색동 384-9번지
11380,10100,0,0384,0010,,,일반건축물,단독주택,주택,0,0,62.98,19500915,1,0,서울특별시 은평구 수색동 384-10번지
11380,10100,0,0385,0000,,,일반건축물,제1종근린생활시설,점포,0,0,38.7,19850628,1,0,서울특별시 은평구 수색동 385번지
11380,10100,0,0385,0001,,,일반건축물,단독주택,화장실,0,0,1.21,19850628,1,0,서울특별시 은평구 수색동 385-1번지
11380,10100,0,0385,0001,,,일반건축물,단독주택,주택,0,0,47.53,19850628,1,0,서울특별시 은평구 수색동 385-1번지
11380,10100,0,0391,0000,,,일반건축물,단독주택,주택,0,0,39.67,19510610,1,0,서울특별시 은평구 수색동 391번지
11380,10100,0,0391,0001,,,일반건축물,단독주택,주택,0,0,37.45,19600414,1,0,서울특별시 은평구 수색동 391-1번지
11380,10100,0,0391,0003,,,일반건축물,단독주택,주택,0,0,33.06,19610421,1,0,서울특별시 은평구 수색동 391-3번지
11380,10100,0,0391,0003,,,일반건축물,단독주택,주택,0,0,68.3,19610421,1,0,서울특별시 은평구 수색동 391-3번지
11380,10100,0,0391,0004,,,일반건축물,제1종근린생활시설,근린생활시설,0,0,89.32,19590710,1,0,서울특별시 은평구 수색동 391-4번지
11380,10100,0,0394,0000,,,일반건축물,공장,창고,0,0,7.93,,1,0,서울특별시 은평구 수색동 394번지
11380,10100,0,0394,0000,,,일반건축물,단독주택,주택,0,0,70.74,,1,0,서울특별시 은평구 수색동 394번지
11380,10100,0,0395,0004,,,일반건축물,단독주택,주택,0,0,52.89,19600316,1,0,서울특별시 은평구 수색동 395-4번지
11380,10100,0,0395,0007,,,일반건축물,단독주택,주택,0,0,26.15,19610110,1,0,서울특별시 은평구 수색동 395-7번지
11380,10100,0,0397,0006,,,일반건축물,단독주택,주택,0,0,42.98,,1,0,서울특별시 은평구 수색동 397-6번지
11380,10100,0,0400,0000,,,일반건축물,단독주택,주택 및 근린생활시설,0,0,69.69,19560807,1,0,서울특별시 은평구 수색동 400번지
11380,10100,0,0403,0000,,,일반건축물,단독주택,주택,0,0,95.87,,1,0,서울특별시 은평구 수색동 403번지
11380,10100,0,0403,0000,,,일반건축물,단독주택,주택,0,0,24.99,19600903,1,0,서울특별시 은평구 수색동 403번지
11380,10100,0,0403,0000,,,일반건축물,제2종근린생활시설,교회,0,0,95.14,19310210,1,0,서울특별시 은평구 수색동 403번지
11380,10100,0,0403,0000,,,일반건축물,단독주택,주택,0,0,70.74,19600810,1,0,서울특별시 은평구 수색동 403번지
11380,10100,0,0403,0000,,,일반건축물,단독주택,주택,0,0,46.98,19500510,2,0,서울특별시 은평구 수색동 403번지
11380,10100,0,0403,0000,,,일반건축물,단독주택,주택,0,0,25.52,19471103,1,0,서울특별시 은평구 수색동 403번지
11380,10100,0,0403,0000,,,일반건축물,제1종근린생활시설,점포,0,0,40.76,19600315,1,0,서울특별시 은평구 수색동 403번지
11380,10100,0,0403,0000,,,일반건축물,제2종근린생활시설,교회,0,0,97.52,19550310,1,0,서울특별시 은평구 수색동 403번지
11380,10100,0,0403,0000,,,일반건축물,문화및집회시설,합숙소,0,0,254.08,,1,0,서울특별시 은평구 수색동 403번지
11380,10100,0,0409,0000,서울기관차승무사무소및승무원처소,,일반건축물,운수시설,운전보안시설,39627,995.02,5769.07,20050523,5,1,서울특별시 은평구 수색동 409번지
11380,10100,0,0409,0001,수색차량사무소,,일반건축물,운수시설,운전보안시설,0,0,126,20090211,1,0,서울특별시 은평구 수색동 409-1번지
11380,10100,0,0409,0001,수색차량사업소검수원대기실,,일반건축물,운수시설,운수시설,7934,50,50,20080804,1,0,서울특별시 은평구 수색동 409-1번지
11380,10100,0,0409,0001,수색차량사무소,,일반건축물,운수시설,운전보안시설,39627,903.58,3774.53,20081220,4,1,서울특별시 은평구 수색동 409-1번지
11380,10100,0,0410,0000,수송원출고처소,,일반건축물,운수시설,운전보안시설,39627,31.2,31.2,20081220,1,0,서울특별시 은평구 수색동 410번지
11380,10100,0,0411,0016,DMC 갤러리아 B,,표제부,공동주택,다세대주택(도시형생활주택/단지형다세대),320,148.64,452.81,20201119,5,0,서울특별시 은평구 수색동 411-16번지
11380,10100,0,0413,0000,DMC청구아파트,,표제부,공동주택,펌프실,0,0,49,20000316,0,1,서울특별시 은평구 수색동 413번지
11380,10100,0,0413,0000,DMC청구아파트,,표제부,공동주택,지하주차장,0,0,6084.37,20000316,0,2,서울특별시 은평구 수색동 413번지
11380,10100,0,0413,0000,DMC청구아파트,,표제부,공동주택,"공동주택,아파트",0,602.29,6373.11,20000316,15,1,서울특별시 은평구 수색동 413번지
11380,10100,0,0413,0000,DMC청구아파트,,표제부,제2종근린생활시설,제2종근린생활시설및 부대복리시설,0,172.9,363.88,20000316,2,1,서울특별시 은평구 수색동 413번지
11380,10100,0,0413,0000,DMC청구아파트,,표제부,공동주택,경비실,0,49,49,20000316,1,0,서울특별시 은평구 수색동 413번지
11380,10100,0,0413,0000,DMC청구아파트,,표제부,공동주택,"관리,노인정",0,143.82,143.82,20000316,1,0,서울특별시 은평구 수색동 413번지
11380,10100,0,0413,0000,DMC청구아파트,,표제부,공동주택,"공동주택,아파트",0,677.83,4280.2,20000316,7,1,서울특별시 은평구 수색동 413번지
11380,10100,0,0413,0000,DMC청구아파트,,표제부,공동주택,전기실,0,0,165.12,20000316,1,1,서울특별시 은평구 수색동 413번지
11380,10100,0,0413,0000,DMC청구아파트,,표제부,공동주택,"공동주택,아파트",0,643.04,9130.41,20000316,18,1,서울특별시 은평구 수색동 413번지
11380,10100,0,0414,0001,,,일반건축물,자동차관련시설,CNG 충전소,0,0,32,20000725,1,0,서울특별시 은평구 수색동 414-1번지
11380,10100,0,0414,0001,,,일반건축물,자동차관련시설,자동차관련시설,46398.6,3651.8,4787.88,20000725,1,1,서울특별시 은평구 수색동 414-1번지
11380,10100,0,0414,0001,,,일반건축물,자동차관련시설,"경비,매표실,화장실,대기실",0,0,35.54,20000725,1,0,서울특별시 은평구 수색동 414-1번지
11380,10100,0,0414,0001,,,일반건축물,자동차관련시설,원격감시제어실,0,0,72.9,20000725,2,0,서울특별시 은평구 수색동 414-1번지
11380,10100,0,0414,0001,시내버스공영차고지,,일반건축물,자동차관련시설,주유시설,0,0,395.14,20000725,1,0,서울특별시 은평구 수색동 414-1번지
11380,10100,0,0414,0001,시내버스공영차고지,,일반건축물,자동차관련시설,주유관리실,0,0,13.81,20000725,1,0,서울특별시 은평구 수색동 414-1번지
11380,10100,0,0414,0001,시내버스공영차고지,,일반건축물,자동차관련시설,폐수처리시설,0,0,144,20000725,1,0,서울특별시 은평구 수색동 414-1번지
11380,10100,0,0414,0001,,,일반건축물,자동차관련시설,야외화장실,0,0,33.24,20000725,1,0,서울특별시 은평구 수색동 414-1번지
11380,10100,0,0414,0001,시내버스공영차고지,,일반건축물,자동차관련시설,CNG충전소,0,0,32,20000725,1,0,서울특별시 은평구 수색동 414-1번지
11380,10100,0,0414,0001,시내버스공영차고지,,일반건축물,자동차관련시설,"자동차정비시설,사무실",0,0,1386,20000725,2,0,서울특별시 은평구 수색동 414-1번지
11380,10100,0,0414,0001,시내버스공영차고지,,일반건축물,자동차관련시설,세차시설,0,0,600,20000725,1,0,서울특별시 은평구 수색동 414-1번지
11380,10100,0,0415,0001,e편한세상 수색 에코포레,,표제부,공동주택,"지하주차장,전기실,발전기실",0,0,661.32,20030710,0,1,서울특별시 은평구 수색동 415-1번지
11380,10100,0,0415,0001,e편한세상 수색 에코포레,,표제부,공동주택,경비실,0,9.31,9.31,20030710,1,0,서울특별시 은평구 수색동 415-1번지
11380,10100,0,0415,0001,e편한세상 수색 에코포레,,표제부,공동주택,공동주택(아파트),0,487.716,5911.3,20030710,15,0,서울특별시 은평구 수색동 415-1번지
11380,10100,0,0415,0001,e편한세상 수색 에코포레,,표제부,공동주택,공동주택(아파트),0,532.04,5952.42,20030710,15,0,서울특별시 은평구 수색동 415-1번지
11380,10100,0,0415,0001,e편한세상 수색 에코포레,,표제부,공동주택,경비실,0,9.31,9.31,20030710,1,0,서울특별시 은평구 수색동 415-1번지
11380,10100,0,0415,0001,e편한세상 수색 에코포레,,표제부,공동주택,경비실,0,19.091,19.091,20030710,1,0,서울특별시 은평구 수색동 415-1번지
11380,10100,0,0415,0001,e편한세상 수색 에코포레,,표제부,근린생활시설,근린생활시설,0,486,1901.25,20030710,3,1,서울특별시 은평구 수색동 415-1번지
11380,10100,0,0415,0001,e편한세상 수색 에코포레,,표제부,공동주택,공동주택(아파트),0,974.7,11051.48,20030710,15,0,서울특별시 은평구 수색동 415-1번지
11380,10100,0,0415,0001,e편한세상 수색 에코포레,,표제부,공동주택,경비실,0,9.31,9.31,20030710,1,0,서울특별시 은평구 수색동 415-1번지
11380,10100,0,0415,0001,e편한세상 수색 에코포레,,표제부,공동주택,공동주택(아파트),0,729.246,9055.77,20030710,15,1,서울특별시 은평구 수색동 415-1번지
11380,10100,0,0415,0001,e편한세상 수색 에코포레,,표제부,공동주택,"지하주차장,지하대피소",0,0,1604.795,20030710,0,1,서울특별시 은평구 수색동 415-1번지
11380,10100,0,0415,0001,e편한세상 수색 에코포레,,표제부,공동주택,"지하주차장,지하대피소",0,0,2617.645,20030710,0,1,서울특별시 은평구 수색동 415-1번지
11380,10100,0,0415,0001,e편한세상 수색 에코포레,,표제부,공동주택,공동주택(아파트),0,699.48,9285.6,20030710,15,0,서울특별시 은평구 수색동 415-1번지
11380,10100,0,0415,0001,e편한세상 수색 에코포레,,표제부,공동주택,경비실,0,9.31,9.31,20030710,1,0,서울특별시 은평구 수색동 415-1번지
11380,10100,0,0415,0001,e편한세상 수색 에코포레,,표제부,공동주택,공동주택(아파트),0,349.74,4908.52,20030710,15,1,서울특별시 은평구 수색동 415-1번지
11380,10100,0,0415,0001,e편한세상 수색 에코포레,,표제부,공동주택,공동주택(아파트),0,725.794,8277.444,20030710,14,0,서울특별시 은평구 수색동 415-1번지
11380,10100,0,0415,0001,e편한세상 수색 에코포레,,표제부,공동주택,경비실,0,9.31,9.31,20030710,1,0,서울특별시 은평구 수색동 415-1번지
11380,10100,0,0415,0001,e편한세상 수색 에코포레,,표제부,공동주택,공동주택(아파트),0,974.7,10794.84,20030710,14,0,서울특별시 은평구 수색동 415-1번지
11380,10100,0,0415,0001,e편한세상 수색 에코포레,,표제부,공동주택,"지하주차장,폄프실,지하대피소",0,0,6552.44,20030710,0,2,서울특별시 은평구 수색동 415-1번지
11380,10100,0,0415,0001,e편한세상 수색 에코포레,,표제부,공동주택,"지하주차장,지하대피소",0,0,11796.95,20030710,0,2,서울특별시 은평구 수색동 415-1번지
11380,10100,0,0415,0001,e편한세상 수색 에코포레,,표제부,공동주택,"지하주차장,지하대피소",0,0,4794.39,20030710,0,2,서울특별시 은평구 수색동 415-1번지
11380,10100,0,0415,0001,e편한세상 수색 에코포레,,표제부,공동주택,공동주택(아파트),0,974.7,11564.76,20030710,15,0,서울특별시 은평구 수색동 415-1번지
11380,10100,0,0415,0001,e편한세상 수색 에코포레,,표제부,공동주택,"지하주차장,지하대피소",0,0,4864.115,20030710,0,2,서울특별시 은평구 수색동 415-1번지
11380,10100,0,0415,0001,e편한세상 수색 에코포레,,표제부,공동주택,"관리사무소,노인정,주민운동시설",0,278.2,812.8,20030710,2,1,서울특별시 은평구 수색동 415-1번지
11380,10100,0,0415,0001,e편한세상 수색 에코포레,,표제부,공동주택,경비실,0,9.31,9.31,20030710,1,0,서울특별시 은평구 수색동 415-1번지
11380,10100,0,0415,0001,e편한세상 수색 에코포레,,표제부,공동주택,경비실,0,9.31,9.31,20030710,1,0,서울특별시 은평구 수색동 415-1번지
11380,10100,0,0415,0001,e편한세상 수색 에코포레,,표제부,공동주택,공동주택(아파트),0,487.716,5911.3,20030710,15,0,서울특별시 은평구 수색동 415-1번지
11380,10100,0,0415,0001,e편한세상 수색 에코포레,,표제부,공동주택,공동주택(아파트),0,483.096,6288.94,20030710,15,1,서울특별시 은평구 수색동 415-1번지
11380,10100,0,0415,0001,e편한세상 수색 에코포레,,표제부,공동주택,공동주택(아파트),0,1010.108,10893.176,20030710,15,0,서울특별시 은평구 수색동 415-1번지
11380,10100,0,0415,0001,e편한세상 수색 에코포레,,표제부,노유자시설,유치원,0,301.5,754.17,20030710,3,1,서울특별시 은평구 수색동 415-1번지
11380,10100,0,0415,0002,생명샘교회,,일반건축물,종교시설,"문화 및 집회시설(종교집회장), 제2종근린생활시설",495,225.07,995.86,20030905,3,1,서울특별시 은평구 수색동 415-2번지
11380,10100,0,0415,0004,대림한숲타운아파트,,표제부,공동주택,경비실,0,0,9310,20030710,1,0,서울특별시 은평구 수색동 415-4번지
11380,10100,0,0415,0004,대림한숲타운아파트,,표제부,공동주택,공동주택(아파트),0,535.02,6560.67,20030710,14,0,서울특별시 은평구 수색동 415-4번지
11380,10100,0,0415,0004,대림한숲타운아파트,,표제부,공동주택,"지하주차장,전기실,발전기실,대피소",0,0,1729.096,20030710,0,2,서울특별시 은평구 수색동 415-4번지
11380,10100,0,0415,0004,대림한숲타운아파트,,표제부,공동주택,경비실,0,0,9310,20030710,1,0,서울특별시 은평구 수색동 415-4번지
11380,10100,0,0415,0004,대림한숲타운아파트,,표제부,공동주택,공동주택(아파트),0,478.02,6268.8,20030710,15,0,서울특별시 은평구 수색동 415-4번지
11380,10100,0,0415,0004,대림한숲타운아파트,,표제부,공동주택,"관리사무소,노인정,주민공동시설",0,0,498.42,20030710,2,1,서울특별시 은평구 수색동 415-4번지
11380,10100,0,0415,0004,대림한숲타운아파트,,표제부,공동주택,"지하주차장,대피소",0,0,4868.14,20030710,0,2,서울특별시 은평구 수색동 415-4번지
11380,10100,0,0415,0004,대림한숲타운아파트,,표제부,공동주택,공동주택(아파트),0,789.42,8732.12,20030710,13,0,서울특별시 은평구 수색동 415-4번지
11380,10100,0,0415,0005,대림한숲타운아파트,,표제부,제1종근린생활시설,근린생활시설,508,254.584,532.548,20030710,2,1,서울특별시 은평구 수색동 415-5번지
11380,10100,0,0415,0006,유진상가,,일반건축물,제1종근린생활시설,근린생활시설 및 단독주택,400,238.17,1228.22,20030905,5,1,서울특별시 은평구 수색동 415-6번지
11380,10100,0,0416,0001,DMC 진흥,,표제부,제2종근린생활시설,근린생활시설,0,167.1,330,20030725,2,0,서울특별시 은평구 수색동 416-1번지
11380,10100,0,0416,0001,DMC 진흥,,표제부,공동주택,"지하주차장,기계실,전기실,주민공동시설",0,10122.6,10630.13,20030725,1,2,서울특별시 은평구 수색동 416-1번지
11380,10100,0,0416,0001,DMC 진흥,,표제부,공동주택,아파트,0,325.7,4548.77,20030725,15,0,서울특별시 은평구 수색동 416-1번지
11380,10100,0,0416,0001,DMC 진흥,,표제부,공동주택,아파트,0,652.13,8357.3,20030725,15,0,서울특별시 은평구 수색동 416-1번지
11380,10100,0,0416,0001,DMC 진흥,,표제부,공동주택,공동주택,0,3.6,3.6,20030725,1,0,서울특별시 은평구 수색동 416-1번지
11380,10100,0,0416,0001,DMC 진흥,,표제부,공동주택,관리동,0,0,106.56,20030725,0,1,서울특별시 은평구 수색동 416-1번지
11380,10100,0,0416,0001,DMC 진흥,,표제부,공동주택,아파트,0,325.7,3944.31,20030725,13,0,서울특별시 은평구 수색동 416-1번지
11380,10100,0,0416,0001,DMC 진흥,,표제부,공동주택,아파트,0,278.17,4119.43,20030725,16,0,서울특별시 은평구 수색동 416-1번지
11380,10100,0,0416,0001,DMC 진흥,,표제부,공동주택,아파트,0,217.66,2795.61,20030725,15,0,서울특별시 은평구 수색동 416-1번지
11380,10100,0,0416,0001,DMC 진흥,,표제부,공동주택,아파트,0,273.63,3036.96,20030725,12,0,서울특별시 은평구 수색동 416-1번지
11380,10100,0,0417,0000,DMC 롯데캐슬 더 퍼스트,,표제부,공동주택,펌프실,0,0,103.51,20211209,0,3,서울특별시 은평구 수색동 417번지
11380,10100,0,0417,0000,DMC 롯데캐슬 더 퍼스트,,표제부,공동주택,"휘트니스,골프연습장,게스트하우스,주민회의실,자전거수리센터,공용창고",0,13.03,1865.47,20211209,1,3,서울특별시 은평구 수색동 417번지
11380,10100,0,0417,0000,DMC 롯데캐슬 더 퍼스트,,표제부,공동주택,공동주택(아파트),0,794.14,10505.52,20211209,17,0,서울특별시 은평구 수색동 417번지
11380,10100,0,0417,0000,DMC 롯데캐슬 더 퍼스트,,표제부,공동주택,관리사무소,0,0,115.06,20211209,0,1,서울특별시 은평구 수색동 417번지
11380,10100,0,0417,0000,DMC 롯데캐슬 더 퍼스트,,표제부,공동주택,MDF실,0,0,32.78,20211209,0,1,서울특별시 은평구 수색동 417번지
11380,10100,0,0417,0000,DMC 롯데캐슬 더 퍼스트,,표제부,공동주택,경로당,0,289.14,388.51,20211209,1,0,서울특별시 은평구 수색동 417번지
11380,10100,0,0417,0000,DMC 롯데캐슬 더 퍼스트,,표제부,공동주택,공동주택(아파트),0,293.14,2447.15,20211209,12,0,서울특별시 은평구 수색동 417번지
11380,10100,0,0417,0000,DMC 롯데캐슬 더 퍼스트,,표제부,제2종근린생활시설,근린생활시설,0,597.73,1528.87,20211209,1,3,서울특별시 은평구 수색동 417번지
11380,10100,0,0417,0000,DMC 롯데캐슬 더 퍼스트,,표제부,공동주택,경비실,0,16.6,16.6,20211209,1,0,서울특별시 은평구 수색동 417번지
11380,10100,0,0417,0000,DMC 롯데캐슬 더 퍼스트,,표제부,공동주택,어린이집,0,472.33,603.46,20211209,1,0,서울특별시 은평구 수색동 417번지
11380,10100,0,0417,0000,DMC 롯데캐슬 더 퍼스트,,표제부,공동주택,공동주택(아파트),0,911.48,13584.12,20211209,24,0,서울특별시 은평구 수색동 417번지
11380,10100,0,0417,0000,DMC 롯데캐슬 더 퍼스트,,표제부,공동주택,공동주택(아파트),0,779.42,9970.21,20211209,20,0,서울특별시 은평구 수색동 417번지
11380,10100,0,0417,0000,DMC 롯데캐슬 더 퍼스트,,표제부,공동주택,경비실,0,15.9,15.9,20211209,1,0,서울특별시 은평구 수색동 417번지
11380,10100,0,0417,0000,DMC 롯데캐슬 더 퍼스트,,표제부,공동주택,공동주택(아파트),0,238.15,1898.83,20211209,12,0,서울특별시 은평구 수색동 417번지
11380,10100,0,0417,0000,DMC 롯데캐슬 더 퍼스트,,표제부,공동주택,경비실,0,15.9,15.9,20211209,1,0,서울특별시 은평구 수색동 417번지
11380,10100,0,0417,0000,DMC 롯데캐슬 더 퍼스트,,표제부,공동주택,공동주택(아파트),0,303.92,1650.13,20211209,7,0,서울특별시 은평구 수색동 417번지
11380,10100,0,0417,0000,DMC 롯데캐슬 더 퍼스트,,표제부,공동주택,공동주택(아파트),0,239.4,1124,20211209,7,0,서울특별시 은평구 수색동 417번지
11380,10100,0,0417,0000,DMC 롯데캐슬 더 퍼스트,,표제부,제2종근린생활시설,근린생활시설,0,73.48,949.97,20211209,1,3,서울특별시 은평구 수색동 417번지
11380,10100,0,0417,0000,DMC 롯데캐슬 더 퍼스트,,표제부,공동주택,공동주택(아파트),0,830.09,10352.65,20211209,18,0,서울특별시 은평구 수색동 417번지
11380,10100,0,0417,0000,DMC 롯데캐슬 더 퍼스트,,표제부,공동주택,공동주택(아파트),0,742.04,8992.6,20211209,17,0,서울특별시 은평구 수색동 417번지
11380,10100,0,0417,0000,DMC 롯데캐슬 더 퍼스트,,표제부,공동주택,공동주택(아파트),0,783.71,9844.93,20211209,19,0,서울특별시 은평구 수색동 417번지
11380,10100,0,0417,0000,DMC 롯데캐슬 더 퍼스트,,표제부,공동주택,방재실,0,0,48.54,20211209,0,1,서울특별시 은평구 수색동 417번지
11380,10100,0,0417,0000,DMC 롯데캐슬 더 퍼스트,,표제부,공동주택,공동주택(아파트),0,757.46,9138.08,20211209,18,0,서울특별시 은평구 수색동 417번지
11380,10100,0,0417,0000,DMC 롯데캐슬 더 퍼스트,,표제부,공동주택,"전기실,발전기실",0,0,272.41,20211209,0,3,서울특별시 은평구 수색동 417번지
11380,10100,0,0417,0000,DMC 롯데캐슬 더 퍼스트,,표제부,공동주택,작은도서관,0,0,238.13,20211209,0,1,서울특별시 은평구 수색동 417번지
11380,10100,0,0417,0000,DMC 롯데캐슬 더 퍼스트,,표제부,공동주택,지하주차장,0,197.44,56397.97,20211209,1,3,서울특별시 은평구 수색동 417번지
11380,10100,0,0417,0000,DMC 롯데캐슬 더 퍼스트,,표제부,공동주택,공동주택(아파트),0,783.71,9508.55,20211209,18,0,서울특별시 은평구 수색동 417번지
11380,10100,0,0417,0000,DMC 롯데캐슬 더 퍼스트,,표제부,공동주택,공동주택(아파트),0,792.55,11903.23,20211209,25,0,서울특별시 은평구 수색동 417번지
11380,10100,0,0417,0000,DMC 롯데캐슬 더 퍼스트,,표제부,공동주택,공동주택(아파트),0,665.86,11873.73,20211209,25,0,서울특별시 은평구 수색동 417번지
11380,10100,0,0417,0000,DMC 롯데캐슬 더 퍼스트,,표제부,공동주택,공동주택(아파트),0,319.29,3021.73,20211209,12,0,서울특별시 은평구 수색동 417번지
11380,10100,0,0417,0001,수색119안전센터,,일반건축물,업무시설,업무시설(공공업무시설),762,455.11,1581.89,20180523,4,1,서울특별시 은평구 수색동 417-1번지
11380,10100,0,0417,0003,수색감리교회,,일반건축물,종교시설,"종교시설(교회),제1종근린생활시설",2651,1228,7725.48,20191224,5,2,서울특별시 은평구 수색동 417-3번지
11380,10100,0,0417,0004,수색동 주민센터,,일반건축물,업무시설,"업무시설(공공업무시설),근린생활시설",950,559.22,2445.54,20190103,4,1,서울특별시 은평구 수색동 417-4번지
11380,10100,0,0417,0005,은평문화원,,일반건축물,문화및집회시설,공공업무시설(문화및집회시설),1700,446.19,2050.4,20210629,4,1,서울특별시 은평구 수색동 417-5번지
11380,10100,0,0417,0007,물빛경로당,,일반건축물,노유자시설,노유자시설,138,81.77,243.15,20180907,3,0,서울특별시 은평구 수색동 417-7번지
11380,10100,0,0418,0000,DMC SK VIEW,,표제부,공동주택,주민공동시설,0,0,185.1946,20230824,3,0,서울특별시 은평구 수색동 418번지
11380,10100,0,0418,0000,DMC SK VIEW,,표제부,공동주택,"전기실,펌프실,정화조/빗물저류조 중간관리층",0,0,397.5012,20230824,0,5,서울특별시 은평구 수색동 418번지
11380,10100,0,0418,0000,DMC SK VIEW,,표제부,공동주택,공동주택(아파트),0,705.3748,13292.037,20230824,30,0,서울특별시 은평구 수색동 418번지
11380,10100,0,0418,0000,DMC SK VIEW,,표제부,공동주택,공동주택(아파트),0,786.6512,13380.8411,20230824,27,0,서울특별시 은평구 수색동 418번지
11380,10100,0,0418,0000,DMC SK VIEW,,표제부,공동주택,주민공동시설,0,0,136.6686,20230824,0,2,서울특별시 은평구 수색동 418번지
11380,10100,0,0418,0000,DMC SK VIEW,,표제부,공동주택,관리사무소,0,0,105.0138,20230824,0,2,서울특별시 은평구 수색동 418번지
11380,10100,0,0418,0000,DMC SK VIEW,,표제부,공동주택,MDF실,0,0,42.64,20230824,1,0,서울특별시 은평구 수색동 418번지
11380,10100,0,0418,0000,DMC SK VIEW,,표제부,공동주택,MDF실,0,0,28.56,20230824,1,0,서울특별시 은평구 수색동 418번지
11380,10100,0,0418,0000,DMC SK VIEW,,표제부,공동주택,경비실,0,12.8,12.8,20230824,1,0,서울특별시 은평구 수색동 418번지
11380,10100,0,0418,0000,DMC SK VIEW,,표제부,공동주택,작은도서관,0,197.55,177.274,20230824,2,0,서울특별시 은평구 수색동 418번지
11380,10100,0,0418,0000,DMC SK VIEW,,표제부,판매시설,"판매시설(지하주차장,전기실,펌프실,정화조 중간관리층,재활용창고)",0,0,1082.2193,20230824,1,5,서울특별시 은평구 수색동 418번지
11380,10100,0,0418,0000,DMC SK VIEW,,표제부,공동주택,작은도서관,0,0,81.5869,20230824,3,0,서울특별시 은평구 수색동 418번지
11380,10100,0,0418,0000,DMC SK VIEW,,표제부,공동주택,경로당,0,0,127.191,20230824,1,0,서울특별시 은평구 수색동 418번지
11380,10100,0,0418,0000,DMC SK VIEW,,표제부,공동주택,경비실,0,12.8,12.8,20230824,1,0,서울특별시 은평구 수색동 418번지
11380,10100,0,0418,0000,DMC SK VIEW,,표제부,공동주택,경비실,0,12.8,12.8,20230824,1,0,서울특별시 은평구 수색동 418번지
11380,10100,0,0418,0000,DMC SK VIEW,,표제부,공동주택,방재센타,0,0,41.8619,20230824,0,1,서울특별시 은평구 수색동 418번지
11380,10100,0,0418,0000,DMC SK VIEW,,표제부,공동주택,공동주택(아파트),0,543.8993,9747.8579,20230824,27,0,서울특별시 은평구 수색동 418번지
11380,10100,0,0418,0000,DMC SK VIEW,,표제부,공동주택,재활용창고,0,0,23.3479,20230824,0,2,서울특별시 은평구 수색동 418번지
11380,10100,0,0418,0000,DMC SK VIEW,,표제부,공동주택,지하주차장,0,0,8404.7216,20230824,1,5,서울특별시 은평구 수색동 418번지
11380,10100,0,0418,0000,DMC SK VIEW,,표제부,공동주택,공동주택(아파트),0,468.9854,6237.1695,20230824,21,0,서울특별시 은평구 수색동 418번지
11380,10100,0,0418,0000,DMC SK VIEW,,표제부,공동주택,공동주택(아파트),0,458.3334,7046.9771,20230824,19,1,서울특별시 은평구 수색동 418번지
11380,10100,0,0418,0000,DMC SK VIEW,,표제부,공동주택,방재센타,0,0,74.9805,20230824,0,2,서울특별시 은평구 수색동 418번지
11380,10100,0,0418,0000,DMC SK VIEW,,표제부,공동주택,지하주차장,0,0,34884.3649,20230824,1,4,서울특별시 은평구 수색동 418번지
11380,10100,0,0418,0000,DMC SK VIEW,,표제부,공동주택,주민공동시설,0,0,89.7389,20230824,0,1,서울특별시 은평구 수색동 418번지
11380,10100,0,0418,0000,DMC SK VIEW,,표제부,판매시설,판매시설,0,324.5636,1456.8304,20230824,2,0,서울특별시 은평구 수색동 418번지
11380,10100,0,0418,0000,DMC SK VIEW,,표제부,공동주택,공동주택(아파트),0,472.1257,6474.2674,20230824,22,0,서울특별시 은평구 수색동 418번지
11380,10100,0,0418,0000,DMC SK VIEW,,표제부,공동주택,재활용창고,0,0,186.55,20230824,0,2,서울특별시 은평구 수색동 418번지
11380,10100,0,0418,0000,DMC SK VIEW,,표제부,공동주택,공동주택(아파트),0,686.9852,11648.5926,20230824,26,0,서울특별시 은평구 수색동 418번지
11380,10100,0,0418,0000,DMC SK VIEW,,표제부,공동주택,경로당,0,0,157.1332,20230824,3,0,서울특별시 은평구 수색동 418번지
11380,10100,0,0418,0000,DMC SK VIEW,,표제부,공동주택,"전기실,펌프실,정화조/빗물저류조 중간관리층",0,0,736.2588,20230824,0,4,서울특별시 은평구 수색동 418번지
11380,10100,0,0418,0000,DMC SK VIEW,,표제부,공동주택,공동주택(아파트),0,705.3749,8831.7161,20230824,19,0,서울특별시 은평구 수색동 418번지
11380,10100,0,0418,0000,DMC SK VIEW,,표제부,공동주택,주민운동시설,0,0,753.3776,20230824,0,1,서울특별시 은평구 수색동 418번지
11380,10100,0,0418,0000,DMC SK VIEW,,표제부,공동주택,관리사무소,0,0,115.4626,20230824,1,0,서울특별시 은평구 수색동 418번지
11380,10100,0,0418,0000,DMC SK VIEW,,표제부,공동주택,어린이집,0,194.74,343.771,20230824,2,0,서울특별시 은평구 수색동 418번지
11380,10100,0,0419,0000,DMC SK VIEW IPARK Foret,,표제부,공동주택,어린이집,0,0,315.6,20250822,0,0,서울특별시 은평구 수색동 419번지
11380,10100,0,0419,0000,DMC SK VIEW IPARK Foret,,표제부,제2종근린생활시설,근린생활시설,0,0,2171.59,20250822,0,2,서울특별시 은평구 수색동 419번지
11380,10100,0,0419,0000,DMC SK VIEW IPARK Foret,,표제부,공동주택,경비실,0,11.78,11.78,20250822,1,0,서울특별시 은평구 수색동 419번지
11380,10100,0,0419,0000,DMC SK VIEW IPARK Foret,,표제부,공동주택,아파트,0,445.6,5508.62,20250822,18,0,서울특별시 은평구 수색동 419번지
11380,10100,0,0419,0000,DMC SK VIEW IPARK Foret,,표제부,공동주택,아파트,0,560.24,6837.36,20250822,17,0,서울특별시 은평구 수색동 419번지
11380,10100,0,0419,0000,DMC SK VIEW IPARK Foret,,표제부,공동주택,어린이집,0,0,402.6,20250822,1,0,서울특별시 은평구 수색동 419번지
11380,10100,0,0419,0000,DMC SK VIEW IPARK Foret,,표제부,공동주택,아파트,0,1109.63,9437.83,20250822,13,0,서울특별시 은평구 수색동 419번지
11380,10100,0,0419,0000,DMC SK VIEW IPARK Foret,,표제부,공동주택,경비실,0,11.78,11.78,20250822,1,0,서울특별시 은평구 수색동 419번지
11380,10100,0,0419,0000,DMC SK VIEW IPARK Foret,,표제부,공동주택,지하주차장,0,164.86,93328.65,20250822,1,5,서울특별시 은평구 수색동 419번지
11380,10100,0,0419,0000,DMC SK VIEW IPARK Foret,,표제부,공동주택,아파트,0,691.69,9069.5,20250822,19,0,서울특별시 은평구 수색동 419번지
11380,10100,0,0419,0000,DMC SK VIEW IPARK Foret,,표제부,공동주택,경비실,0,11.78,11.78,20250822,1,0,서울특별시 은평구 수색동 419번지
11380,10100,0,0419,0000,DMC SK VIEW IPARK Foret,,표제부,공동주택,"관리사무소,독서실",0,0,1191.88,20250822,4,4,서울특별시 은평구 수색동 419번지
11380,10100,0,0419,0000,DMC SK VIEW IPARK Foret,,표제부,공동주택,경비실,0,12.5,12.5,20250822,1,0,서울특별시 은평구 수색동 419번지
11380,10100,0,0419,0000,DMC SK VIEW IPARK Foret,,표제부,공동주택,아파트,0,583.98,5521.74,20250822,13,0,서울특별시 은평구 수색동 419번지
11380,10100,0,0419,0000,DMC SK VIEW IPARK Foret,,표제부,공동주택,아파트,0,714.55,7176.9,20250822,13,0,서울특별시 은평구 수색동 419번지
11380,10100,0,0419,0000,DMC SK VIEW IPARK Foret,,표제부,공동주택,아파트,0,448.7,6069.64,20250822,18,0,서울특별시 은평구 수색동 419번지
11380,10100,0,0419,0000,DMC SK VIEW IPARK Foret,,표제부,공동주택,경로당,0,0,402.07,20250822,0,0,서울특별시 은평구 수색동 419번지
11380,10100,0,0419,0000,DMC SK VIEW IPARK Foret,,표제부,공동주택,아파트,0,967.07,6957.99,20250822,13,0,서울특별시 은평구 수색동 419번지
11380,10100,0,0419,0000,DMC SK VIEW IPARK Foret,,표제부,공동주택,아파트,0,605.89,6252.58,20250822,15,0,서울특별시 은평구 수색동 419번지
11380,10100,0,0419,0000,DMC SK VIEW IPARK Foret,,표제부,공동주택,아파트,0,441.87,3965.18,20250822,13,0,서울특별시 은평구 수색동 419번지
11380,10100,0,0419,0000,DMC SK VIEW IPARK Foret,,표제부,공동주택,경비실,0,12.45,12.45,20250822,1,0,서울특별시 은평구 수색동 419번지
11380,10100,0,0419,0000,DMC SK VIEW IPARK Foret,,표제부,제2종근린생활시설,근린생활시설,0,0,1711.35,20250822,0,2,서울특별시 은평구 수색동 419번지
11380,10100,0,0419,0000,DMC SK VIEW IPARK Foret,,표제부,공동주택,아파트,0,687.74,5853.36,20250822,12,0,서울특별시 은평구 수색동 419번지
11380,10100,0,0419,0000,DMC SK VIEW IPARK Foret,,표제부,공동주택,아파트,0,605.9,7643.82,20250822,17,0,서울특별시 은평구 수색동 419번지
11380,10100,0,0419,0000,DMC SK VIEW IPARK Foret,,표제부,제2종근린생활시설,지하주차장,0,27.38,1836.89,20250822,0,6,서울특별시 은평구 수색동 419번지
11380,10100,0,0419,0000,DMC SK VIEW IPARK Foret,,표제부,공동주택,아파트,0,653.83,6282.47,20250822,15,0,서울특별시 은평구 수색동 419번지
11380,10100,0,0419,0000,DMC SK VIEW IPARK Foret,,표제부,공동주택,아파트,0,482.37,3279.98,20250822,12,0,서울특별시 은평구 수색동 419번지
11380,10100,0,0419,0000,DMC SK VIEW IPARK Foret,,표제부,공동주택,외부계단,0,28.7,28.7,20250822,1,0,서울특별시 은평구 수색동 419번지
11380,10100,0,0419,0000,DMC SK VIEW IPARK Foret,,표제부,공동주택,아파트,0,392.97,3404.64,20250822,13,0,서울특별시 은평구 수색동 419번지
11380,10100,0,0419,0000,DMC SK VIEW IPARK Foret,,표제부,공동주택,"골프연습장,피트니스,작은도서관,맘스카페,키즈놀이방,스터디카페",0,15.62,2926.13,20250822,1,5,서울특별시 은평구 수색동 419번지
11380,10100,0,0419,0000,DMC SK VIEW IPARK Foret,,표제부,공동주택,아파트,0,491.4,6633.33,20250822,18,0,서울특별시 은평구 수색동 419번지
11380,10100,0,0419,0000,DMC SK VIEW IPARK Foret,,표제부,공동주택,아파트,0,621.81,6345.54,20250822,14,0,서울특별시 은평구 수색동 419번지
11380,10100,0,0419,0000,DMC SK VIEW IPARK Foret,,표제부,공동주택,아파트,0,415.55,3582.86,20250822,13,0,서울특별시 은평구 수색동 419번지
11380,10100,0,0419,0000,DMC SK VIEW IPARK Foret,,표제부,공동주택,아파트,0,506.58,4987.94,20250822,13,0,서울특별시 은평구 수색동 419번지
11380,10100,0,0419,0000,DMC SK VIEW IPARK Foret,,표제부,공동주택,경비실,0,11.78,11.78,20250822,1,0,서울특별시 은평구 수색동 419번지
11380,10100,0,0419,0000,DMC SK VIEW IPARK Foret,,표제부,공동주택,아파트,0,694.79,8861.16,20250822,19,0,서울특별시 은평구 수색동 419번지
11380,10100,0,0419,0000,DMC SK VIEW IPARK Foret,,표제부,공동주택,아파트,0,733.62,9851.65,20250822,18,0,서울특별시 은평구 수색동 419번지
11380,10100,0,0423,0000,수색어린이집,,일반건축물,노유자시설,어린이집,447.5,192.48,605.4,20250822,3,1,서울특별시 은평구 수색동 423번지
11380,10100,0,0427,0000,서울문화예술교육센터 은평,,일반건축물,문화및집회시설,"문화및집회시설,교육연구시설",1631.6,922.61,2963.85,20250822,4,1,서울특별시 은평구 수색동 427번지
11380,10100,0,0429,0000,시립은평실버케어센터,,일반건축물,노유자시설,노인복지시설,898.1,411.85,2198.54,20250822,5,1,서울특별시 은평구 수색동 429번지
11380,10100,0,0431,0000,DMC파인시티자이,,표제부,공동주택,옥외 ELEV 및 계단실,43756.9,50.41,92.92,20250718,1,1,서울특별시 은평구 수색동 431번지
11380,10100,0,0431,0000,DMC파인시티자이,,표제부,공동주택,기계실/전기실,43756.9,0,1728.38,20250718,0,2,서울특별시 은평구 수색동 431번지
11380,10100,0,0431,0000,DMC파인시티자이,,표제부,공동주택,공동주택(아파트),43756.9,601.96,12555.12,20250718,30,0,서울특별시 은평구 수색동 431번지
11380,10100,0,0431,0000,DMC파인시티자이,,표제부,공동주택,맘스테이션,43756.9,48,72,20250718,1,1,서울특별시 은평구 수색동 431번지
11380,10100,0,0431,0000,DMC파인시티자이,,표제부,제2종근린생활시설,근린생활시설,43756.9,730.1,3483.2,20250718,1,1,서울특별시 은평구 수색동 431번지
11380,10100,0,0431,0000,DMC파인시티자이,,표제부,공동주택,공동주택(아파트),43756.9,580.82,7670.44,20250718,20,0,서울특별시 은평구 수색동 431번지
11380,10100,0,0431,0000,DMC파인시티자이,,표제부,공동주택,공동주택(아파트),43756.9,511.16,8349.05,20250718,25,0,서울특별시 은평구 수색동 431번지
11380,10100,0,0431,0000,DMC파인시티자이,,표제부,공동주택,경비실,43756.9,48.9,73.35,20250718,1,1,서울특별시 은평구 수색동 431번지
11380,10100,0,0431,0000,DMC파인시티자이,,표제부,공동주택,공동주택(아파트),43756.9,565.65,3998.79,20250718,12,0,서울특별시 은평구 수색동 431번지
11380,10100,0,0431,0000,DMC파인시티자이,,표제부,공동주택,공동주택(아파트),43756.9,375.46,6623.48,20250718,28,0,서울특별시 은평구 수색동 431번지
11380,10100,0,0431,0000,DMC파인시티자이,,표제부,공동주택,MDF실,43756.9,0,105.35,20250718,0,1,서울특별시 은평구 수색동 431번지
11380,10100,0,0431,0000,DMC파인시티자이,,표제부,공동주택,방재실,43756.9,0,112.16,20250718,0,1,서울특별시 은평구 수색동 431번지
11380,10100,0,0431,0000,DMC파인시티자이,,표제부,공동주택,공동주택(아파트),43756.9,375.46,6821.37,20250718,28,0,서울특별시 은평구 수색동 431번지
11380,10100,0,0431,0000,DMC파인시티자이,,표제부,공동주택,공동주택(아파트),43756.9,567.7,12328.68,20250718,30,0,서울특별시 은평구 수색동 431번지
11380,10100,0,0431,0000,DMC파인시티자이,,표제부,공동주택,공동주택(아파트),43756.9,565.65,5020.52,20250718,13,0,서울특별시 은평구 수색동 431번지
11380,10100,0,0431,0000,DMC파인시티자이,,표제부,공동주택,공동주택(아파트),43756.9,542.37,7081.78,20250718,19,0,서울특별시 은평구 수색동 431번지
11380,10100,0,0431,0000,DMC파인시티자이,,표제부,공동주택,"피트니스,사우나",43756.9,0,1567.8,20250718,0,1,서울특별시 은평구 수색동 431번지
11380,10100,0,0431,0000,DMC파인시티자이,,표제부,공동주택,공동주택(아파트),43756.9,580.82,7584.93,20250718,22,0,서울특별시 은평구 수색동 431번지
11380,10100,0,0431,0000,DMC파인시티자이,,표제부,공동주택,공동주택(아파트),43756.9,567.7,11150.43,20250718,29,0,서울특별시 은평구 수색동 431번지
11380,10100,0,0431,0000,DMC파인시티자이,,표제부,공동주택,재활용품보관시설,43756.9,0,230.41,20250718,0,1,서울특별시 은평구 수색동 431번지
11380,10100,0,0431,0000,DMC파인시티자이,,표제부,공동주택,공동주택(아파트),43756.9,906.04,8318.45,20250718,12,0,서울특별시 은평구 수색동 431번지
11380,10100,0,0431,0000,DMC파인시티자이,,표제부,공동주택,경로당,43756.9,116.45,200.44,20250718,1,0,서울특별시 은평구 수색동 431번지
11380,10100,0,0431,0000,DMC파인시티자이,,표제부,공동주택,관리사무소,43756.9,0,173.28,20250718,0,1,서울특별시 은평구 수색동 431번지
11380,10100,0,0431,0000,DMC파인시티자이,,표제부,공동주택,지하주차장,43756.9,0,56040.79,20250718,0,3,서울특별시 은평구 수색동 431번지
11380,10100,0,0431,0000,DMC파인시티자이,,표제부,공동주택,어린이집,43756.9,186.96,304.79,20250718,1,0,서울특별시 은평구 수색동 431번지
11380,10100,0,0431,0000,DMC파인시티자이,,표제부,공동주택,작은도서관,43756.9,0,191.57,20250718,0,1,서울특별시 은평구 수색동 431번지
11380,10100,0,0431,0000,DMC파인시티자이,,표제부,공동주택,공동주택(아파트),43756.9,522.94,7653.22,20250718,20,0,서울특별시 은평구 수색동 431번지
11380,10100,0,0431,0000,DMC파인시티자이,,표제부,공동주택,공동주택(아파트),43756.9,565.65,4780.3,20250718,12,0,서울특별시 은평구 수색동 431번지
11380,10100,0,0431,0000,DMC파인시티자이,,표제부,공동주택,공동주택(아파트),43756.9,880.18,6406.94,20250718,12,0,서울특별시 은평구 수색동 431번지
11380,10100,0,0431,0010,대한예수교장로회수색교회,,일반건축물,종교시설,종교시설,2153.4,1183.11,8198.48,20250731,5,3,서울특별시 은평구 수색동 431-10번지
11380,10100,0,0432,0000,DMC아트포레자이,,표제부,공동주택,"관리사무소,방재실,MDF실",25382.6,0,243.96,20260403,0,1,서울특별시 은평구 수색동 432번지
11380,10100,0,0432,0000,DMC아트포레자이,,표제부,공동주택,키즈카페,25382.6,0,203.46,20260403,0,1,서울특별시 은평구 수색동 432번지
11380,10100,0,0432,0000,DMC아트포레자이,,표제부,공동주택,경비실,25382.6,16.2,16.2,20260403,1,0,서울특별시 은평구 수색동 432번지
11380,10100,0,0432,0000,DMC아트포레자이,,표제부,공동주택,공동주택(아파트),25382.6,476.13,4212.95,20260403,13,1,서울특별시 은평구 수색동 432번지
11380,10100,0,0432,0000,DMC아트포레자이,,표제부,공동주택,공동주택(아파트),25382.6,725.74,9241.08,20260403,22,0,서울특별시 은평구 수색동 432번지
11380,10100,0,0432,0000,DMC아트포레자이,,표제부,공동주택,"빗물저류조-1,2",25382.6,0,285.86,20260403,0,3,서울특별시 은평구 수색동 432번지
11380,10100,0,0432,0000,DMC아트포레자이,,표제부,공동주택,"외부계단-1,2,3,4",25382.6,74.13,96.12,20260403,0,1,서울특별시 은평구 수색동 432번지
11380,10100,0,0432,0000,DMC아트포레자이,,표제부,공동주택,재활용저장창고,25382.6,0,52.69,20260403,0,2,서울특별시 은평구 수색동 432번지
11380,10100,0,0432,0000,DMC아트포레자이,,표제부,공동주택,경로당,25382.6,0,263.04,20260403,0,1,서울특별시 은평구 수색동 432번지
11380,10100,0,0432,0000,DMC아트포레자이,,표제부,공동주택,공동주택(아파트),25382.6,727.49,9132.12,20260403,22,0,서울특별시 은평구 수색동 432번지
11380,10100,0,0432,0000,DMC아트포레자이,,표제부,공동주택,"휘트니스,골프연습장",25382.6,0,898.64,20260403,0,1,서울특별시 은평구 수색동 432번지
11380,10100,0,0432,0000,DMC아트포레자이,,표제부,제2종근린생활시설,근린생활시설,25382.6,0,903.34,20260403,0,2,서울특별시 은평구 수색동 432번지
11380,10100,0,0432,0000,물빛숲어린이집,,표제부,노유자시설,사회복지시설(어린이집),25382.6,210.64,536.01,20260403,2,1,서울특별시 은평구 수색동 432번지
11380,10100,0,0432,0000,DMC아트포레자이,,표제부,공동주택,공동주택(아파트),25382.6,724.65,9670.56,20260403,22,0,서울특별시 은평구 수색동 432번지
11380,10100,0,0432,0000,DMC아트포레자이,,표제부,공동주택,자이스테이션,25382.6,0,71.73,20260403,0,2,서울특별시 은평구 수색동 432번지
11380,10100,0,0432,0000,DMC아트포레자이,,표제부,제2종근린생활시설,근린생활시설,25382.6,0,776.59,20260403,0,2,서울특별시 은평구 수색동 432번지
11380,10100,0,0432,0000,DMC아트포레자이,,표제부,공동주택,지하주차장,25382.6,0,31809.45,20260403,0,3,서울특별시 은평구 수색동 432번지
11380,10100,0,0432,0000,DMC아트포레자이,,표제부,공동주택,공동주택(아파트),25382.6,651.77,6810.3,20260403,15,1,서울특별시 은평구 수색동 432번지
11380,10100,0,0432,0000,DMC아트포레자이,,표제부,공동주택,"작은도서관,북카페,주민회의실",25382.6,0,413.1,20260403,0,1,서울특별시 은평구 수색동 432번지
11380,10100,0,0432,0000,DMC아트포레자이,,표제부,공동주택,공동주택(아파트),25382.6,707.13,7824,20260403,15,0,서울특별시 은평구 수색동 432번지
11380,10100,0,0432,0000,DMC아트포레자이,,표제부,공동주택,"기계실,전기실,발전기실,펌프실",25382.6,0,872.87,20260403,0,3,서울특별시 은평구 수색동 432번지
11380,10100,0,0432,0000,DMC아트포레자이,,표제부,공동주택,공동주택(아파트),25382.6,726.55,9698.9,20260403,22,0,서울특별시 은평구 수색동 432번지
11380,10100,0,0432,0000,DMC아트포레자이,,표제부,공동주택,공동주택(아파트),25382.6,657.51,6695.07,20260403,13,1,서울특별시 은평구 수색동 432번지
11380,10100,1,0026,0001,,,일반건축물,단독주택,주택,0,0,21.16,19550709,1,0,서울특별시 은평구 수색동 산26-1번지
11380,10100,1,0030,0000,,,일반건축물,단독주택,주택,0,0,29.75,19160401,1,0,서울특별시 은평구 수색동 산30번지
11380,10100,1,0030,0000,,,일반건축물,단독주택,주택,0,0,33.06,19160601,1,0,서울특별시 은평구 수색동 산30번지
11380,10100,1,0030,0000,,,일반건축물,단독주택,주택,0,0,19.83,19160601,1,0,서울특별시 은평구 수색동 산30번지
11380,10100,1,0030,0000,,,일반건축물,단독주택,주택,0,0,36.36,19160401,1,0,서울특별시 은평구 수색동 산30번지
11380,10100,1,0042,0000,,,일반건축물,단독주택,주택,0,0,26.45,19180505,1,0,서울특별시 은평구 수색동 산42번지
